status,duration,credit_history,purpose,amount,savings,employment_duration,installment_rate,personal_status_sex,other_debtors,present_residence,property,age,other_installment_plans,housing,number_credits,job,people_liable,telephone,foreign_worker,credit_risk
no checking account,24,critical account/other credits existing,radio/television,4885,... < 100 DM,4 <= ... < 7 years,3,female : divorced/separated/married,none,2,real estate,33,none,for free,1,unskilled - resident,1,no,yes,1
no checking account,12,delay in paying off in the past,radio/television,4298,... < 100 DM,4 <= ... < 7 years,2,male : single,none,1,car or other,25,none,rent,1,unskilled - resident,1,yes,yes,1
... < 100 DM,18,existing credits paid back duly till now,domestic appliances,10653,... < 100 DM,4 <= ... < 7 years,4,male : married/widowed,none,2,car or other,27,bank,own,1,skilled employee/official,1,yes,yes,0
0 <= ... < 200 DM,30,critical account/other credits existing,furniture/equipment,1489,100 <= ... < 500 DM,unemployed,3,female : divorced/separated/married,guarantor,4,car or other,48,none,own,2,skilled employee/official,1,no,yes,1
... < 100 DM,42,existing credits paid back duly till now,domestic appliances,3404,unknown/no savings account,< 1 year,2,male : married/widowed,none,2,building society savings agreement/life insurance,28,none,own,1,skilled employee/official,1,yes,yes,0
... < 100 DM,24,existing credits paid back duly till now,car (new),1730,... < 100 DM,... >= 7 years,3,male : single,none,3,unknown/no property,24,none,own,4,skilled employee/official,1,no,yes,0
0 <= ... < 200 DM,36,existing credits paid back duly till now,education,1465,... < 100 DM,4 <= ... < 7 years,2,male : single,none,2,real estate,45,none,own,1,skilled employee/official,1,yes,yes,1
no checking account,24,no credits taken/all credits paid back duly,radio/television,1356,... < 100 DM,< 1 year,2,male : single,none,2,building society savings agreement/life insurance,27,none,own,2,skilled employee/official,1,yes,yes,1
0 <= ... < 200 DM,30,critical account/other credits existing,car (new),1429,... < 100 DM,... >= 7 years,2,male : married/widowed,none,3,building society savings agreement/life insurance,47,none,own,2,unskilled - resident,2,no,yes,1
no checking account,18,existing credits paid back duly till now,domestic appliances,2858,unknown/no savings account,... >= 7 years,2,male : single,guarantor,1,car or other,41,bank,for free,1,skilled employee/official,1,no,yes,1
0 <= ... < 200 DM,9,existing credits paid back duly till now,car (new),1034,... < 100 DM,< 1 year,4,male : single,none,2,real estate,38,none,for free,3,skilled employee/official,1,no,no,1
>= 200 DM / salary assignments,12,existing credits paid back duly till now,car (new),1057,unknown/no savings account,< 1 year,3,female : divorced/separated/married,none,2,unknown/no property,31,bank,own,1,skilled employee/official,2,yes,yes,1
0 <= ... < 200 DM,12,existing credits paid back duly till now,business,1209,unknown/no savings account,1 <= ... < 4 years,2,male : single,co-applicant,3,car or other,36,bank,own,1,unskilled - resident,2,no,yes,1
... < 100 DM,36,delay in paying off in the past,car (new),586,... < 100 DM,< 1 year,1,male : single,none,4,car or other,34,none,own,1,skilled employee/official,1,no,yes,1
no checking account,18,existing credits paid back duly till now,business,5996,500 <= ... < 1000 DM,< 1 year,2,male : single,guarantor,2,real estate,46,none,for free,1,unskilled - resident,1,no,yes,1
... < 100 DM,36,existing credits paid back duly till now,car (new),791,100 <= ... < 500 DM,unemployed,2,female : divorced/separated/married,none,3,car or other,38,none,own,1,skilled employee/official,1,yes,no,0
0 <= ... < 200 DM,24,existing credits paid back duly till now,furniture/equipment,5045,... < 100 DM,1 <= ... < 4 years,3,male : married/widowed,none,2,unknown/no property,45,none,own,1,skilled employee/official,1,no,yes,1
... < 100 DM,24,existing credits paid back duly till now,other,1241,... >= 1000 DM,... >= 7 years,2,male : single,none,2,building society savings agreement/life insurance,40,none,for free,1,management/self-employed/highly qualified employee/officer,2,no,yes,1
no checking account,12,existing credits paid back duly till now,car (new),2541,500 <= ... < 1000 DM,1 <= ... < 4 years,4,male : single,none,4,real estate,41,none,own,1,skilled employee/official,1,no,yes,1
no checking account,72,existing credits paid back duly till now,education,6762,500 <= ... < 1000 DM,1 <= ... < 4 years,4,male : single,none,2,car or other,34,none,own,3,skilled employee/official,2,yes,yes,0
... < 100 DM,36,existing credits paid back duly till now,radio/television,4448,... < 100 DM,1 <= ... < 4 years,1,male : single,none,3,unknown/no property,43,none,own,1,skilled employee/official,2,no,yes,0
no checking account,6,no credits taken/all credits paid back duly,car (new),4106,unknown/no savings account,< 1 year,2,female : divorced/separated/married,none,3,unknown/no property,42,none,for free,1,skilled employee/official,1,no,no,1
... < 100 DM,18,existing credits paid back duly till now,domestic appliances,1710,... >= 1000 DM,... >= 7 years,3,male : single,none,1,building society savings agreement/life insurance,21,none,own,1,skilled employee/official,2,no,yes,1
no checking account,15,delay in paying off in the past,car (new),2319,... >= 1000 DM,1 <= ... < 4 years,1,male : married/widowed,none,3,building society savings agreement/life insurance,29,none,rent,1,skilled employee/official,1,yes,yes,1
0 <= ... < 200 DM,12,existing credits paid back duly till now,car (new),1071,... < 100 DM,... >= 7 years,3,female : divorced/separated/married,none,2,car or other,54,none,own,1,management/self-employed/highly qualified employee/officer,1,no,yes,1
no checking account,30,existing credits paid back duly till now,radio/television,881,... < 100 DM,4 <= ... < 7 years,4,female : divorced/separated/married,none,2,building society savings agreement/life insurance,39,none,for free,1,unskilled - resident,1,no,yes,1
no checking account,12,existing credits paid back duly till now,radio/television,1799,... < 100 DM,... >= 7 years,3,male : single,none,3,real estate,31,none,own,4,skilled employee/official,2,no,yes,1
no checking account,24,critical account/other credits existing,car (new),5777,... < 100 DM,1 <= ... < 4 years,2,female : divorced/separated/married,none,2,car or other,47,none,own,2,management/self-employed/highly qualified employee/officer,1,yes,yes,1
0 <= ... < 200 DM,12,existing credits paid back duly till now,radio/television,1328,unknown/no savings account,1 <= ... < 4 years,1,female : divorced/separated/married,none,3,building society savings agreement/life insurance,48,none,own,2,skilled employee/official,1,no,yes,1
0 <= ... < 200 DM,6,critical account/other credits existing,radio/television,803,... < 100 DM,1 <= ... < 4 years,2,male : divorced/separated,none,3,car or other,25,bank,rent,1,skilled employee/official,2,no,yes,1
no checking account,24,existing credits paid back duly till now at this bank,education,3303,... < 100 DM,1 <= ... < 4 years,4,male : single,none,2,building society savings agreement/life insurance,19,none,own,1,skilled employee/official,1,yes,yes,1
0 <= ... < 200 DM,36,existing credits paid back duly till now,furniture/equipment,2365,... < 100 DM,... >= 7 years,2,male : single,none,3,real estate,45,none,own,1,skilled employee/official,1,yes,yes,1
0 <= ... < 200 DM,18,existing credits paid back duly till now,car (new),4794,... < 100 DM,< 1 year,2,male : single,guarantor,4,building society savings agreement/life insurance,28,bank,for free,2,skilled employee/official,1,no,yes,1
... < 100 DM,4,delay in paying off in the past,business,1361,... < 100 DM,4 <= ... < 7 years,3,female : divorced/separated/married,none,4,building society savings agreement/life insurance,37,bank,rent,1,skilled employee/official,1,yes,yes,0
... < 100 DM,24,existing credits paid back duly till now,domestic appliances,1449,... < 100 DM,< 1 year,4,female : divorced/separated/married,none,3,building society savings agreement/life insurance,28,none,for free,2,skilled employee/official,1,no,yes,1
0 <= ... < 200 DM,36,existing credits paid back duly till now at this bank,furniture/equipment,1395,100 <= ... < 500 DM,1 <= ... < 4 years,3,female : divorced/separated/married,none,3,building society savings agreement/life insurance,30,bank,rent,1,management/self-employed/highly qualified employee/officer,1,no,yes,0
no checking account,36,existing credits paid back duly till now,car (used),788,unknown/no savings account,4 <= ... < 7 years,2,male : single,none,3,unknown/no property,28,none,own,2,skilled employee/official,1,yes,yes,1
no checking account,18,existing credits paid back duly till now at this bank,domestic appliances,4055,... >= 1000 DM,... >= 7 years,2,male : divorced/separated,none,4,building society savings agreement/life insurance,48,none,rent,2,skilled employee/official,1,yes,yes,1
0 <= ... < 200 DM,6,existing credits paid back duly till now,radio/television,3914,... < 100 DM,1 <= ... < 4 years,4,male : single,none,2,building society savings agreement/life insurance,61,none,own,2,unskilled - resident,1,no,yes,0
... < 100 DM,30,existing credits paid back duly till now at this bank,domestic appliances,1436,... < 100 DM,unemployed,4,male : single,none,2,car or other,29,none,own,3,skilled employee/official,1,no,yes,0
... < 100 DM,48,existing credits paid back duly till now,radio/television,1018,500 <= ... < 1000 DM,< 1 year,2,female : divorced/separated/married,none,3,car or other,47,none,rent,1,management/self-employed/highly qualified employee/officer,1,yes,yes,0
no checking account,24,existing credits paid back duly till now,education,1322,... < 100 DM,< 1 year,3,male : single,none,3,building society savings agreement/life insurance,27,stores,own,1,skilled employee/official,1,yes,yes,1
... < 100 DM,15,existing credits paid back duly till now,radio/television,1357,unknown/no savings account,... >= 7 years,1,female : divorced/separated/married,co-applicant,1,building society savings agreement/life insurance,33,none,own,1,skilled employee/official,1,no,yes,1
>= 200 DM / salary assignments,36,existing credits paid back duly till now,radio/television,4496,... >= 1000 DM,... >= 7 years,3,male : single,none,3,real estate,24,none,own,1,unskilled - resident,2,yes,yes,1
0 <= ... < 200 DM,24,critical account/other credits existing,car (new),3797,... < 100 DM,< 1 year,3,male : single,none,1,car or other,29,none,own,2,skilled employee/official,1,yes,yes,1
>= 200 DM / salary assignments,12,critical account/other credits existing,radio/television,2961,... < 100 DM,1 <= ... < 4 years,2,male : single,none,3,unknown/no property,35,none,rent,1,skilled employee/official,1,no,yes,1
... < 100 DM,72,existing credits paid back duly till now,furniture/equipment,1093,... < 100 DM,4 <= ... < 7 years,2,female : divorced/separated/married,none,1,real estate,48,none,own,1,skilled employee/official,2,yes,yes,0
no checking account,42,existing credits paid back duly till now,domestic appliances,678,... >= 1000 DM,1 <= ... < 4 years,3,male : single,none,2,car or other,34,none,own,1,skilled employee/official,2,no,yes,1
no checking account,9,existing credits paid back duly till now,car (new),1968,unknown/no savings account,1 <= ... < 4 years,1,female : divorced/separated/married,none,2,car or other,32,none,rent,1,skilled employee/official,1,yes,yes,1
... < 100 DM,18,critical account/other credits existing,education,1996,... < 100 DM,< 1 year,2,female : divorced/separated/married,none,3,car or other,32,none,rent,1,skilled employee/official,1,no,yes,1
no checking account,36,existing credits paid back duly till now at this bank,radio/television,1293,100 <= ... < 500 DM,< 1 year,2,female : divorced/separated/married,none,4,car or other,37,none,own,1,management/self-employed/highly qualified employee/officer,2,no,yes,1
0 <= ... < 200 DM,4,existing credits paid back duly till now,domestic appliances,4742,... < 100 DM,< 1 year,3,male : single,guarantor,1,unknown/no property,43,none,rent,1,skilled employee/official,1,no,yes,0
... < 100 DM,9,existing credits paid back duly till now,radio/television,1334,... < 100 DM,... >= 7 years,3,male : single,co-applicant,1,real estate,42,none,rent,1,skilled employee/official,1,yes,yes,1
no checking account,42,existing credits paid back duly till now,retraining,2866,... >= 1000 DM,1 <= ... < 4 years,3,male : single,none,3,car or other,19,none,own,1,unskilled - resident,2,no,yes,1
no checking account,12,critical account/other credits existing,furniture/equipment,6330,... < 100 DM,4 <= ... < 7 years,3,male : married/widowed,none,3,building society savings agreement/life insurance,48,none,rent,1,management/self-employed/highly qualified employee/officer,1,yes,yes,1
0 <= ... < 200 DM,60,critical account/other credits existing,radio/television,1478,unknown/no savings account,1 <= ... < 4 years,4,male : single,none,4,car or other,54,none,rent,2,skilled employee/official,2,no,yes,1
... < 100 DM,24,existing credits paid back duly till now at this bank,retraining,3057,... < 100 DM,1 <= ... < 4 years,3,female : divorced/separated/married,none,3,unknown/no property,29,none,own,3,skilled employee/official,1,no,yes,0
0 <= ... < 200 DM,30,existing credits paid back duly till now at this bank,car (new),1689,500 <= ... < 1000 DM,1 <= ... < 4 years,1,female : divorced/separated/married,none,2,car or other,19,none,rent,1,unskilled - resident,1,no,yes,1
... < 100 DM,24,critical account/other credits existing,business,1639,100 <= ... < 500 DM,< 1 year,2,male : divorced/separated,none,3,building society savings agreement/life insurance,23,none,own,2,management/self-employed/highly qualified employee/officer,1,yes,yes,0
no checking account,42,critical account/other credits existing,car (new),2999,... < 100 DM,4 <= ... < 7 years,1,male : single,none,3,real estate,36,none,own,2,skilled employee/official,1,yes,yes,1
no checking account,6,existing credits paid back duly till now,retraining,2674,... < 100 DM,1 <= ... < 4 years,3,male : single,none,1,car or other,43,none,own,1,skilled employee/official,2,yes,yes,1
>= 200 DM / salary assignments,24,existing credits paid back duly till now,retraining,1268,100 <= ... < 500 DM,... >= 7 years,2,male : single,none,4,car or other,44,none,own,1,skilled employee/official,2,no,yes,1
0 <= ... < 200 DM,15,existing credits paid back duly till now at this bank,car (new),1065,... < 100 DM,... >= 7 years,3,male : married/widowed,none,1,building society savings agreement/life insurance,26,none,for free,2,skilled employee/official,1,yes,yes,1
0 <= ... < 200 DM,18,critical account/other credits existing,car (used),7828,... < 100 DM,... >= 7 years,2,male : single,none,2,car or other,35,none,rent,1,unskilled - resident,1,no,yes,1
0 <= ... < 200 DM,24,existing credits paid back duly till now,domestic appliances,2690,unknown/no savings account,... >= 7 years,3,male : single,none,3,real estate,54,none,own,1,skilled employee/official,1,yes,yes,1
... < 100 DM,15,critical account/other credits existing,radio/television,1639,... < 100 DM,unemployed,1,male : married/widowed,none,4,real estate,31,none,own,1,skilled employee/official,1,no,yes,1
... < 100 DM,24,existing credits paid back duly till now,retraining,1326,... < 100 DM,1 <= ... < 4 years,2,male : single,none,4,car or other,43,none,own,1,skilled employee/official,1,yes,no,0
0 <= ... < 200 DM,6,existing credits paid back duly till now,radio/television,7029,... < 100 DM,< 1 year,3,male : single,none,2,real estate,19,none,own,1,skilled employee/official,1,no,yes,1
... < 100 DM,15,existing credits paid back duly till now,furniture/equipment,3676,unknown/no savings account,unemployed,1,male : married/widowed,none,3,unknown/no property,19,bank,for free,1,skilled employee/official,1,no,yes,0
0 <= ... < 200 DM,18,delay in paying off in the past,furniture/equipment,5600,unknown/no savings account,< 1 year,3,female : divorced/separated/married,none,3,car or other,51,bank,rent,1,skilled employee/official,1,yes,yes,0
0 <= ... < 200 DM,42,existing credits paid back duly till now,car (used),2797,... < 100 DM,unemployed,4,male : single,none,2,unknown/no property,41,none,own,2,unskilled - resident,1,yes,yes,0
no checking account,21,existing credits paid back duly till now,domestic appliances,861,... < 100 DM,1 <= ... < 4 years,2,male : single,none,4,building society savings agreement/life insurance,23,bank,for free,1,unskilled - resident,1,yes,yes,1
no checking account,24,existing credits paid back duly till now,radio/television,2701,unknown/no savings account,unemployed,2,male : married/widowed,guarantor,2,car or other,28,none,own,1,skilled employee/official,1,no,yes,1
no checking account,18,existing credits paid back duly till now,radio/television,8192,unknown/no savings account,... >= 7 years,4,male : single,none,2,unknown/no property,19,none,for free,2,skilled employee/official,1,no,yes,1
0 <= ... < 200 DM,36,delay in paying off in the past,car (new),1960,unknown/no savings account,... >= 7 years,2,female : divorced/separated/married,none,1,car or other,32,none,own,2,skilled employee/official,1,yes,yes,0
... < 100 DM,36,existing credits paid back duly till now,car (used),2654,... >= 1000 DM,... >= 7 years,1,male : single,none,4,building society savings agreement/life insurance,19,none,rent,1,unskilled - resident,2,yes,yes,1
0 <= ... < 200 DM,24,existing credits paid back duly till now,radio/television,1481,unknown/no savings account,... >= 7 years,3,female : divorced/separated/married,none,2,car or other,58,bank,for free,1,unemployed/unskilled - non-resident,1,no,yes,1
... < 100 DM,21,existing credits paid back duly till now,furniture/equipment,8198,... < 100 DM,4 <= ... < 7 years,4,female : divorced/separated/married,none,3,building society savings agreement/life insurance,34,none,own,1,skilled employee/official,1,no,yes,0
... < 100 DM,72,existing credits paid back duly till now,furniture/equipment,2623,... < 100 DM,... >= 7 years,4,male : single,none,2,real estate,38,none,own,1,management/self-employed/highly qualified employee/officer,1,no,yes,0
no checking account,36,existing credits paid back duly till now,domestic appliances,3538,100 <= ... < 500 DM,< 1 year,3,male : single,none,2,unknown/no property,38,bank,own,1,skilled employee/official,1,yes,yes,1
0 <= ... < 200 DM,4,existing credits paid back duly till now at this bank,radio/television,2623,... < 100 DM,... >= 7 years,2,male : married/widowed,none,2,building society savings agreement/life insurance,32,none,own,1,skilled employee/official,1,yes,yes,1
no checking account,48,existing credits paid back duly till now,radio/television,2374,... < 100 DM,4 <= ... < 7 years,3,female : divorced/separated/married,none,4,car or other,19,none,own,2,unskilled - resident,2,no,yes,1
... < 100 DM,48,existing credits paid back duly till now,radio/television,3658,... < 100 DM,4 <= ... < 7 years,3,male : married/widowed,none,2,unknown/no property,51,none,rent,1,skilled employee/official,1,no,yes,0
>= 200 DM / salary assignments,21,existing credits paid back duly till now,radio/television,1636,... < 100 DM,< 1 year,2,male : single,none,2,car or other,50,none,own,1,skilled employee/official,1,no,yes,0
no checking account,48,existing credits paid back duly till now,domestic appliances,1529,unknown/no savings account,... >= 7 years,1,female : divorced/separated/married,none,3,building society savings agreement/life insurance,20,none,own,3,unskilled - resident,1,yes,yes,1
no checking account,18,existing credits paid back duly till now at this bank,radio/television,1343,unknown/no savings account,4 <= ... < 7 years,1,female : divorced/separated/married,none,3,car or other,42,bank,own,3,skilled employee/official,1,no,yes,1
no checking account,24,existing credits paid back duly till now,car (new),1896,... >= 1000 DM,4 <= ... < 7 years,2,male : single,none,1,real estate,31,none,rent,2,skilled employee/official,1,yes,yes,1
no checking account,24,existing credits paid back duly till now,radio/television,1385,... < 100 DM,... >= 7 years,1,male : single,none,3,unknown/no property,35,none,rent,1,unskilled - resident,2,no,yes,1
0 <= ... < 200 DM,9,no credits taken/all credits paid back duly,domestic appliances,1296,... < 100 DM,1 <= ... < 4 years,3,male : single,none,2,unknown/no property,45,none,own,1,skilled employee/official,1,yes,yes,1
... < 100 DM,24,existing credits paid back duly till now,furniture/equipment,2365,100 <= ... < 500 DM,... >= 7 years,3,female : divorced/separated/married,co-applicant,2,unknown/no property,32,none,rent,1,skilled employee/official,1,no,yes,0
no checking account,6,existing credits paid back duly till now at this bank,radio/television,5435,... < 100 DM,... >= 7 years,3,female : divorced/separated/married,none,3,car or other,46,bank,own,2,unskilled - resident,2,no,yes,1
>= 200 DM / salary assignments,24,critical account/other credits existing,car (new),964,unknown/no savings account,4 <= ... < 7 years,1,male : single,none,2,car or other,54,none,for free,2,skilled employee/official,1,yes,yes,1
0 <= ... < 200 DM,18,existing credits paid back duly till now at this bank,car (new),2492,... < 100 DM,< 1 year,3,female : divorced/separated/married,none,4,real estate,55,none,own,2,management/self-employed/highly qualified employee/officer,1,yes,yes,1
no checking account,12,existing credits paid back duly till now,domestic appliances,2991,... < 100 DM,... >= 7 years,3,male : single,none,4,building society savings agreement/life insurance,19,none,own,1,unskilled - resident,1,no,yes,1
... < 100 DM,12,critical account/other credits existing,car (used),421,... < 100 DM,... >= 7 years,3,male : single,none,4,real estate,40,bank,own,2,skilled employee/official,1,yes,yes,1
0 <= ... < 200 DM,18,existing credits paid back duly till now at this bank,education,1451,unknown/no savings account,4 <= ... < 7 years,3,male : single,none,3,real estate,21,bank,rent,1,management/self-employed/highly qualified employee/officer,2,no,yes,0
0 <= ... < 200 DM,18,existing credits paid back duly till now,furniture/equipment,2976,... < 100 DM,4 <= ... < 7 years,2,male : single,none,2,real estate,27,none,own,1,skilled employee/official,1,yes,yes,1
>= 200 DM / salary assignments,42,existing credits paid back duly till now at this bank,radio/television,621,100 <= ... < 500 DM,< 1 year,2,male : single,none,4,real estate,34,none,own,2,skilled employee/official,1,no,yes,1
no checking account,18,existing credits paid back duly till now,car (used),2821,... < 100 DM,... >= 7 years,4,female : divorced/separated/married,none,3,real estate,35,none,for free,1,unskilled - resident,2,yes,yes,1
no checking account,15,existing credits paid back duly till now,furniture/equipment,1608,unknown/no savings account,1 <= ... < 4 years,2,male : single,co-applicant,3,real estate,40,none,own,2,skilled employee/official,1,no,yes,1
... < 100 DM,24,existing credits paid back duly till now,business,691,unknown/no savings account,1 <= ... < 4 years,2,male : single,none,2,building society savings agreement/life insurance,38,bank,own,1,skilled employee/official,1,no,yes,0
0 <= ... < 200 DM,6,existing credits paid back duly till now at this bank,furniture/equipment,2464,unknown/no savings account,4 <= ... < 7 years,1,male : single,none,3,unknown/no property,32,none,own,1,skilled employee/official,1,no,no,0
no checking account,42,critical account/other credits existing,business,2808,500 <= ... < 1000 DM,4 <= ... < 7 years,4,male : single,none,2,car or other,19,none,rent,1,skilled employee/official,1,yes,yes,0
no checking account,30,delay in paying off in the past,car (used),1281,... < 100 DM,4 <= ... < 7 years,1,female : divorced/separated/married,none,2,real estate,25,none,rent,1,skilled employee/official,1,no,yes,1
no checking account,42,existing credits paid back duly till now at this bank,domestic appliances,3055,500 <= ... < 1000 DM,4 <= ... < 7 years,2,male : single,none,1,car or other,31,none,rent,1,skilled employee/official,2,no,yes,1
no checking account,30,critical account/other credits existing,domestic appliances,5215,unknown/no savings account,1 <= ... < 4 years,3,female : divorced/separated/married,none,3,unknown/no property,65,none,rent,1,unskilled - resident,1,yes,yes,1
no checking account,36,critical account/other credits existing,radio/television,763,... < 100 DM,unemployed,4,male : single,none,1,car or other,31,bank,own,2,skilled employee/official,1,no,yes,1
... < 100 DM,12,existing credits paid back duly till now at this bank,car (new),1019,... < 100 DM,4 <= ... < 7 years,3,male : single,none,1,real estate,52,none,rent,1,skilled employee/official,1,yes,yes,1
0 <= ... < 200 DM,4,critical account/other credits existing,furniture/equipment,2366,... < 100 DM,< 1 year,3,male : single,none,3,unknown/no property,48,none,own,1,skilled employee/official,2,no,yes,1
... < 100 DM,30,existing credits paid back duly till now,radio/television,2558,... < 100 DM,< 1 year,3,male : divorced/separated,none,2,real estate,32,none,own,2,skilled employee/official,1,no,yes,0
no checking account,12,existing credits paid back duly till now at this bank,radio/television,3217,... < 100 DM,< 1 year,3,male : single,co-applicant,1,unknown/no property,46,none,rent,1,skilled employee/official,1,no,yes,1
0 <= ... < 200 DM,18,existing credits paid back duly till now at this bank,domestic appliances,1440,... < 100 DM,< 1 year,4,female : divorced/separated/married,co-applicant,1,car or other,37,none,own,2,management/self-employed/highly qualified employee/officer,1,no,yes,1
... < 100 DM,24,critical account/other credits existing,radio/television,3336,... < 100 DM,1 <= ... < 4 years,2,male : married/widowed,none,2,building society savings agreement/life insurance,35,none,for free,1,skilled employee/official,2,no,yes,1
>= 200 DM / salary assignments,24,existing credits paid back duly till now,radio/television,1871,500 <= ... < 1000 DM,... >= 7 years,4,male : single,none,1,building society savings agreement/life insurance,44,none,own,2,skilled employee/official,1,yes,yes,1
0 <= ... < 200 DM,18,delay in paying off in the past,vacation,729,... < 100 DM,1 <= ... < 4 years,2,male : single,none,2,car or other,19,none,rent,1,skilled employee/official,2,yes,yes,0
0 <= ... < 200 DM,6,existing credits paid back duly till now,car (new),3021,unknown/no savings account,4 <= ... < 7 years,3,female : divorced/separated/married,none,3,building society savings agreement/life insurance,29,none,own,2,management/self-employed/highly qualified employee/officer,1,no,yes,1
no checking account,9,critical account/other credits existing,repairs,6154,500 <= ... < 1000 DM,1 <= ... < 4 years,3,male : married/widowed,none,2,real estate,62,none,own,1,skilled employee/official,1,yes,yes,1
0 <= ... < 200 DM,18,existing credits paid back duly till now at this bank,radio/television,3879,... < 100 DM,unemployed,2,male : single,none,2,car or other,48,none,own,1,skilled employee/official,1,no,yes,0
>= 200 DM / salary assignments,24,delay in paying off in the past,car (new),2456,... < 100 DM,... >= 7 years,3,male : divorced/separated,none,2,real estate,48,none,own,1,unemployed/unskilled - non-resident,1,yes,yes,1
no checking account,48,existing credits paid back duly till now,car (new),5819,100 <= ... < 500 DM,1 <= ... < 4 years,3,male : single,none,2,car or other,35,none,own,2,management/self-employed/highly qualified employee/officer,1,yes,yes,1
no checking account,21,existing credits paid back duly till now,education,724,unknown/no savings account,< 1 year,2,female : divorced/separated/married,none,4,real estate,39,none,own,2,management/self-employed/highly qualified employee/officer,1,yes,yes,1
... < 100 DM,30,existing credits paid back duly till now,furniture/equipment,1259,... < 100 DM,1 <= ... < 4 years,2,male : single,none,3,real estate,19,none,own,2,skilled employee/official,1,yes,yes,1
... < 100 DM,12,critical account/other credits existing,domestic appliances,4327,... < 100 DM,1 <= ... < 4 years,3,female : divorced/separated/married,none,2,real estate,21,none,own,1,skilled employee/official,1,yes,yes,1
0 <= ... < 200 DM,36,existing credits paid back duly till now,radio/television,1840,100 <= ... < 500 DM,... >= 7 years,2,female : divorced/separated/married,none,3,real estate,32,none,own,1,management/self-employed/highly qualified employee/officer,1,no,yes,1
... < 100 DM,30,critical account/other credits existing,furniture/equipment,4018,... < 100 DM,... >= 7 years,3,male : divorced/separated,none,4,real estate,54,none,own,1,management/self-employed/highly qualified employee/officer,1,no,yes,1
no checking account,30,existing credits paid back duly till now,radio/television,1642,... < 100 DM,1 <= ... < 4 years,1,female : divorced/separated/married,none,2,building society savings agreement/life insurance,29,none,own,2,skilled employee/official,2,yes,no,1
no checking account,15,no credits taken/all credits paid back duly,vacation,15801,... < 100 DM,... >= 7 years,3,male : single,none,1,car or other,31,none,own,1,skilled employee/official,1,no,yes,1
0 <= ... < 200 DM,36,existing credits paid back duly till now,education,5875,... < 100 DM,< 1 year,1,male : single,none,3,real estate,19,none,own,1,unskilled - resident,1,no,yes,1
0 <= ... < 200 DM,12,existing credits paid back duly till now at this bank,car (new),1262,... < 100 DM,1 <= ... < 4 years,3,male : single,none,4,building society savings agreement/life insurance,19,none,own,2,skilled employee/official,1,no,yes,1
no checking account,24,existing credits paid back duly till now,domestic appliances,4963,... < 100 DM,1 <= ... < 4 years,2,male : single,none,3,unknown/no property,47,none,own,2,skilled employee/official,2,no,yes,1
no checking account,12,critical account/other credits existing,car (new),4401,500 <= ... < 1000 DM,unemployed,2,male : single,none,2,car or other,50,stores,own,1,skilled employee/official,1,yes,yes,1
no checking account,24,existing credits paid back duly till now,radio/television,1007,... >= 1000 DM,... >= 7 years,2,male : married/widowed,none,3,real estate,38,none,rent,1,skilled employee/official,1,no,yes,1
0 <= ... < 200 DM,9,existing credits paid back duly till now at this bank,domestic appliances,7229,... < 100 DM,1 <= ... < 4 years,2,female : divorced/separated/married,none,4,real estate,69,none,own,1,skilled employee/official,1,yes,yes,1
... < 100 DM,54,existing credits paid back duly till now,radio/television,2370,500 <= ... < 1000 DM,1 <= ... < 4 years,3,female : divorced/separated/married,none,3,unknown/no property,37,none,rent,2,unskilled - resident,1,no,no,0
0 <= ... < 200 DM,15,existing credits paid back duly till now,radio/television,1106,500 <= ... < 1000 DM,1 <= ... < 4 years,3,male : married/widowed,co-applicant,3,building society savings agreement/life insurance,35,none,own,2,management/self-employed/highly qualified employee/officer,1,yes,yes,1
0 <= ... < 200 DM,18,delay in paying off in the past,car (used),3991,100 <= ... < 500 DM,... >= 7 years,2,male : single,none,2,real estate,47,none,own,2,skilled employee/official,1,no,yes,0
0 <= ... < 200 DM,24,existing credits paid back duly till now,radio/television,1639,... < 100 DM,4 <= ... < 7 years,4,male : single,none,2,building society savings agreement/life insurance,49,bank,own,1,skilled employee/official,1,no,yes,0
no checking account,12,existing credits paid back duly till now,furniture/equipment,2286,100 <= ... < 500 DM,< 1 year,2,female : divorced/separated/married,none,2,real estate,34,none,rent,1,skilled employee/official,1,yes,yes,1
... < 100 DM,60,critical account/other credits existing,furniture/equipment,4198,... < 100 DM,... >= 7 years,1,male : married/widowed,none,1,car or other,47,none,own,2,skilled employee/official,1,yes,yes,1
no checking account,9,delay in paying off in the past,car (new),4884,... < 100 DM,1 <= ... < 4 years,4,male : single,none,2,building society savings agreement/life insurance,19,none,own,1,skilled employee/official,1,no,no,1
... < 100 DM,36,critical account/other credits existing,car (new),1395,... < 100 DM,... >= 7 years,3,female : divorced/separated/married,none,2,real estate,45,none,own,2,unemployed/unskilled - non-resident,1,no,yes,1
... < 100 DM,42,existing credits paid back duly till now,radio/television,3096,... < 100 DM,4 <= ... < 7 years,3,male : single,none,1,real estate,44,none,own,2,skilled employee/official,1,no,yes,0
0 <= ... < 200 DM,18,existing credits paid back duly till now,radio/television,2709,... < 100 DM,4 <= ... < 7 years,2,male : single,none,4,building society savings agreement/life insurance,50,none,own,1,management/self-employed/highly qualified employee/officer,1,yes,no,1
0 <= ... < 200 DM,9,existing credits paid back duly till now,car (new),1701,... < 100 DM,< 1 year,2,female : divorced/separated/married,none,2,unknown/no property,24,none,own,1,skilled employee/official,1,no,yes,1
... < 100 DM,18,existing credits paid back duly till now,domestic appliances,5044,... < 100 DM,1 <= ... < 4 years,4,male : single,none,4,real estate,41,none,own,1,unskilled - resident,1,no,no,1
0 <= ... < 200 DM,72,delay in paying off in the past,retraining,1896,... < 100 DM,< 1 year,3,male : single,none,3,real estate,30,bank,own,1,skilled employee/official,1,no,yes,0
0 <= ... < 200 DM,9,delay in paying off in the past,furniture/equipment,3207,... < 100 DM,4 <= ... < 7 years,2,female : divorced/separated/married,none,4,building society savings agreement/life insurance,34,none,rent,1,skilled employee/official,2,no,yes,0
no checking account,18,existing credits paid back duly till now,car (new),8745,... < 100 DM,1 <= ... < 4 years,4,male : married/widowed,none,3,real estate,34,bank,own,3,skilled employee/official,1,no,yes,1
no checking account,24,no credits taken/all credits paid back duly,domestic appliances,2625,... < 100 DM,... >= 7 years,3,male : single,none,2,car or other,30,none,own,1,unskilled - resident,1,no,yes,1
no checking account,12,existing credits paid back duly till now,car (new),2489,100 <= ... < 500 DM,< 1 year,2,male : single,none,3,car or other,32,bank,own,1,skilled employee/official,2,no,yes,1
no checking account,36,critical account/other credits existing,radio/television,4600,... < 100 DM,1 <= ... < 4 years,2,male : single,guarantor,2,building society savings agreement/life insurance,50,none,for free,1,skilled employee/official,2,no,yes,1
0 <= ... < 200 DM,48,existing credits paid back duly till now,car (new),852,... < 100 DM,< 1 year,3,female : divorced/separated/married,none,3,real estate,27,bank,own,1,skilled employee/official,1,no,no,1
no checking account,48,critical account/other credits existing,car (used),5303,unknown/no savings account,1 <= ... < 4 years,3,female : divorced/separated/married,none,4,real estate,28,none,for free,2,skilled employee/official,1,no,yes,1
... < 100 DM,72,existing credits paid back duly till now,car (new),3740,... < 100 DM,1 <= ... < 4 years,2,female : divorced/separated/married,none,2,car or other,22,none,rent,2,unskilled - resident,1,no,yes,0
no checking account,12,existing credits paid back duly till now,car (new),2485,... >= 1000 DM,4 <= ... < 7 years,3,male : single,none,3,car or other,49,none,own,1,skilled employee/official,1,no,yes,1
0 <= ... < 200 DM,24,existing credits paid back duly till now,radio/television,2251,... < 100 DM,... >= 7 years,1,male : married/widowed,none,3,car or other,42,none,own,2,skilled employee/official,1,yes,yes,0
0 <= ... < 200 DM,36,existing credits paid back duly till now,furniture/equipment,8078,... < 100 DM,< 1 year,2,male : single,none,1,real estate,48,none,rent,1,unskilled - resident,1,yes,yes,0
0 <= ... < 200 DM,42,existing credits paid back duly till now,furniture/equipment,950,500 <= ... < 1000 DM,4 <= ... < 7 years,1,male : single,none,2,unknown/no property,22,none,own,1,unskilled - resident,2,no,yes,1
0 <= ... < 200 DM,72,critical account/other credits existing,radio/television,602,... < 100 DM,1 <= ... < 4 years,2,male : single,none,3,unknown/no property,27,none,own,2,skilled employee/official,1,yes,yes,0
no checking account,12,existing credits paid back duly till now,furniture/equipment,5835,... < 100 DM,unemployed,3,male : single,none,2,building society savings agreement/life insurance,41,bank,rent,1,skilled employee/official,1,no,yes,1
... < 100 DM,42,existing credits paid back duly till now,radio/television,3977,... < 100 DM,... >= 7 years,2,male : single,none,3,car or other,22,none,own,1,skilled employee/official,1,yes,yes,0
0 <= ... < 200 DM,24,existing credits paid back duly till now,car (new),2358,... < 100 DM,unemployed,2,male : single,none,2,building society savings agreement/life insurance,31,stores,own,2,skilled employee/official,2,yes,yes,1
0 <= ... < 200 DM,42,existing credits paid back duly till now,car (new),1936,... < 100 DM,... >= 7 years,4,male : single,none,3,car or other,21,none,own,2,skilled employee/official,1,yes,yes,0
no checking account,12,existing credits paid back duly till now,car (new),2879,... < 100 DM,< 1 year,4,male : married/widowed,none,2,car or other,28,bank,own,1,skilled employee/official,1,yes,yes,1
... < 100 DM,24,critical account/other credits existing,radio/television,3738,... < 100 DM,4 <= ... < 7 years,2,male : married/widowed,none,3,car or other,37,bank,own,2,unskilled - resident,1,no,yes,0
>= 200 DM / salary assignments,6,no credits taken/all credits paid back duly,car (new),901,... < 100 DM,1 <= ... < 4 years,2,female : divorced/separated/married,none,4,building society savings agreement/life insurance,38,none,own,1,management/self-employed/highly qualified employee/officer,1,yes,yes,1
no checking account,12,existing credits paid back duly till now,furniture/equipment,778,... < 100 DM,... >= 7 years,4,male : single,none,1,unknown/no property,37,none,rent,1,skilled employee/official,1,yes,yes,1
no checking account,18,existing credits paid back duly till now,retraining,6319,100 <= ... < 500 DM,1 <= ... < 4 years,1,male : single,none,3,real estate,50,none,own,1,management/self-employed/highly qualified employee/officer,1,no,yes,1
0 <= ... < 200 DM,12,existing credits paid back duly till now,education,5134,100 <= ... < 500 DM,4 <= ... < 7 years,2,male : single,none,2,building society savings agreement/life insurance,57,bank,own,1,skilled employee/official,1,yes,yes,1
no checking account,36,critical account/other credits existing,domestic appliances,8696,500 <= ... < 1000 DM,4 <= ... < 7 years,4,female : divorced/separated/married,none,4,building society savings agreement/life insurance,28,none,own,3,management/self-employed/highly qualified employee/officer,1,no,yes,1
no checking account,24,existing credits paid back duly till now,domestic appliances,1014,... < 100 DM,1 <= ... < 4 years,1,female : divorced/separated/married,none,4,car or other,47,none,rent,1,skilled employee/official,1,yes,yes,1
no checking account,4,existing credits paid back duly till now,car (new),2434,500 <= ... < 1000 DM,... >= 7 years,2,female : divorced/separated/married,none,3,car or other,22,stores,rent,2,management/self-employed/highly qualified employee/officer,1,no,yes,1
... < 100 DM,15,existing credits paid back duly till now,furniture/equipment,4126,unknown/no savings account,1 <= ... < 4 years,2,male : single,none,3,real estate,28,none,own,1,skilled employee/official,2,no,yes,0
no checking account,36,existing credits paid back duly till now,retraining,1159,... < 100 DM,... >= 7 years,2,male : single,none,4,car or other,33,none,own,1,skilled employee/official,2,no,yes,1
0 <= ... < 200 DM,24,existing credits paid back duly till now,car (used),1790,... < 100 DM,< 1 year,3,male : single,none,3,unknown/no property,49,none,own,2,unskilled - resident,1,no,yes,1
no checking account,18,delay in paying off in the past,car (new),6449,... < 100 DM,4 <= ... < 7 years,3,male : married/widowed,none,3,building society savings agreement/life insurance,24,none,rent,2,management/self-employed/highly qualified employee/officer,1,yes,no,1
... < 100 DM,24,existing credits paid back duly till now,car (new),2356,... >= 1000 DM,4 <= ... < 7 years,3,male : single,none,1,real estate,30,none,own,1,management/self-employed/highly qualified employee/officer,1,yes,yes,0
no checking account,9,existing credits paid back duly till now at this bank,car (new),1783,... < 100 DM,... >= 7 years,3,male : single,none,3,building society savings agreement/life insurance,40,none,own,1,skilled employee/official,2,no,yes,1
0 <= ... < 200 DM,24,existing credits paid back duly till now,retraining,3913,... < 100 DM,1 <= ... < 4 years,2,female : divorced/separated/married,none,2,car or other,26,none,own,1,skilled employee/official,1,yes,yes,0
... < 100 DM,24,existing credits paid back duly till now,education,780,... < 100 DM,... >= 7 years,3,female : divorced/separated/married,none,1,car or other,26,none,for free,1,skilled employee/official,1,yes,yes,0
... < 100 DM,12,existing credits paid back duly till now,furniture/equipment,7704,... < 100 DM,... >= 7 years,3,male : single,none,4,real estate,56,none,own,2,skilled employee/official,1,yes,yes,0
no checking account,21,existing credits paid back duly till now,domestic appliances,743,unknown/no savings account,1 <= ... < 4 years,2,male : single,none,1,unknown/no property,33,none,own,1,skilled employee/official,1,no,no,1
no checking account,72,existing credits paid back duly till now,car (new),1937,... < 100 DM,... >= 7 years,2,male : single,none,4,unknown/no property,46,none,own,1,skilled employee/official,1,yes,yes,0
>= 200 DM / salary assignments,18,existing credits paid back duly till now,furniture/equipment,4241,... < 100 DM,1 <= ... < 4 years,2,male : single,none,2,real estate,29,none,own,2,skilled employee/official,1,no,yes,1
... < 100 DM,6,existing credits paid back duly till now,furniture/equipment,722,... < 100 DM,... >= 7 years,4,male : divorced/separated,none,1,car or other,37,none,for free,2,unskilled - resident,2,no,yes,0
>= 200 DM / salary assignments,24,existing credits paid back duly till now,car (used),1691,... < 100 DM,4 <= ... < 7 years,2,male : single,none,3,car or other,49,none,rent,1,management/self-employed/highly qualified employee/officer,2,yes,yes,1
no checking account,18,existing credits paid back duly till now,radio/television,1962,unknown/no savings account,1 <= ... < 4 years,3,male : single,none,3,real estate,50,stores,own,1,unskilled - resident,1,no,yes,0
no checking account,30,critical account/other credits existing,domestic appliances,1869,... < 100 DM,4 <= ... < 7 years,2,female : divorced/separated/married,none,3,car or other,37,none,own,2,skilled employee/official,1,yes,yes,1
no checking account,42,existing credits paid back duly till now,radio/television,1485,unknown/no savings account,1 <= ... < 4 years,3,female : divorced/separated/married,none,1,real estate,33,none,own,1,unskilled - resident,1,no,yes,1
... < 100 DM,18,existing credits paid back duly till now,radio/television,2662,unknown/no savings account,... >= 7 years,4,female : divorced/separated/married,none,4,unknown/no property,42,none,rent,1,skilled employee/official,1,yes,yes,0
0 <= ... < 200 DM,21,critical account/other credits existing,car (used),1047,... < 100 DM,< 1 year,3,male : single,none,3,real estate,37,none,rent,1,management/self-employed/highly qualified employee/officer,1,yes,yes,0
0 <= ... < 200 DM,36,existing credits paid back duly till now,car (used),2050,500 <= ... < 1000 DM,< 1 year,2,male : single,none,3,building society savings agreement/life insurance,45,none,own,1,skilled employee/official,1,yes,yes,0
0 <= ... < 200 DM,21,existing credits paid back duly till now,radio/television,1997,... < 100 DM,4 <= ... < 7 years,2,male : single,none,4,real estate,24,bank,own,1,skilled employee/official,1,yes,yes,1
0 <= ... < 200 DM,24,existing credits paid back duly till now at this bank,car (used),1510,... < 100 DM,< 1 year,3,male : single,none,3,real estate,28,bank,own,1,skilled employee/official,1,yes,yes,1
0 <= ... < 200 DM,48,existing credits paid back duly till now,vacation,1669,... < 100 DM,4 <= ... < 7 years,2,male : single,none,2,real estate,19,none,rent,1,skilled employee/official,1,no,yes,0
0 <= ... < 200 DM,21,existing credits paid back duly till now,retraining,3098,... < 100 DM,1 <= ... < 4 years,1,female : divorced/separated/married,none,2,unknown/no property,32,none,for free,2,unskilled - resident,1,yes,yes,0
0 <= ... < 200 DM,36,critical account/other credits existing,furniture/equipment,2699,... < 100 DM,1 <= ... < 4 years,3,male : single,none,3,unknown/no property,49,none,for free,1,skilled employee/official,1,no,yes,0
no checking account,72,existing credits paid back duly till now,car (new),2620,... < 100 DM,... >= 7 years,4,female : divorced/separated/married,none,3,car or other,23,none,rent,1,management/self-employed/highly qualified employee/officer,1,yes,yes,1
no checking account,24,existing credits paid back duly till now,furniture/equipment,5673,unknown/no savings account,< 1 year,4,female : divorced/separated/married,none,2,car or other,25,none,own,4,management/self-employed/highly qualified employee/officer,1,no,yes,1
... < 100 DM,30,critical account/other credits existing,business,2778,... < 100 DM,4 <= ... < 7 years,1,male : single,none,3,building society savings agreement/life insurance,53,none,own,1,skilled employee/official,1,yes,yes,0
... < 100 DM,9,delay in paying off in the past,radio/television,2578,unknown/no savings account,4 <= ... < 7 years,2,male : single,none,2,building society savings agreement/life insurance,40,none,own,2,management/self-employed/highly qualified employee/officer,1,no,yes,0
no checking account,24,existing credits paid back duly till now at this bank,radio/television,1948,500 <= ... < 1000 DM,1 <= ... < 4 years,4,male : single,none,1,real estate,39,none,own,1,unskilled - resident,1,yes,yes,1
... < 100 DM,36,existing credits paid back duly till now,radio/television,4140,unknown/no savings account,... >= 7 years,2,male : single,none,3,building society savings agreement/life insurance,29,stores,rent,2,skilled employee/official,1,yes,yes,0
no checking account,18,existing credits paid back duly till now,domestic appliances,1525,... < 100 DM,1 <= ... < 4 years,2,female : divorced/separated/married,none,3,unknown/no property,49,none,own,4,skilled employee/official,1,no,yes,1
>= 200 DM / salary assignments,4,delay in paying off in the past,retraining,2222,... < 100 DM,... >= 7 years,2,male : married/widowed,none,3,real estate,29,none,own,1,unemployed/unskilled - non-resident,1,yes,yes,1
... < 100 DM,12,existing credits paid back duly till now at this bank,furniture/equipment,1193,... < 100 DM,1 <= ... < 4 years,1,male : single,none,3,real estate,45,none,rent,1,management/self-employed/highly qualified employee/officer,2,no,yes,1
... < 100 DM,24,delay in paying off in the past,radio/television,3651,100 <= ... < 500 DM,1 <= ... < 4 years,2,male : single,none,1,unknown/no property,21,none,for free,2,skilled employee/official,1,yes,yes,0
no checking account,42,existing credits paid back duly till now,radio/television,1700,unknown/no savings account,< 1 year,3,male : single,none,2,car or other,34,bank,rent,1,skilled employee/official,1,no,yes,1
no checking account,30,existing credits paid back duly till now,car (used),6936,unknown/no savings account,1 <= ... < 4 years,4,female : divorced/separated/married,none,3,unknown/no property,23,none,own,2,skilled employee/official,1,yes,yes,1
>= 200 DM / salary assignments,18,critical account/other credits existing,car (used),3838,100 <= ... < 500 DM,... >= 7 years,2,male : single,none,1,building society savings agreement/life insurance,33,none,own,1,skilled employee/official,1,no,yes,1
... < 100 DM,12,existing credits paid back duly till now,furniture/equipment,1435,100 <= ... < 500 DM,< 1 year,4,male : single,none,3,car or other,41,none,own,2,skilled employee/official,1,no,yes,0
... < 100 DM,4,existing credits paid back duly till now,car (used),5209,... < 100 DM,1 <= ... < 4 years,1,male : single,none,1,building society savings agreement/life insurance,48,none,rent,1,skilled employee/official,1,yes,yes,0
0 <= ... < 200 DM,15,existing credits paid back duly till now at this bank,domestic appliances,1683,... < 100 DM,unemployed,3,male : divorced/separated,none,3,real estate,43,none,own,1,skilled employee/official,1,no,no,0
0 <= ... < 200 DM,48,existing credits paid back duly till now at this bank,radio/television,1689,unknown/no savings account,1 <= ... < 4 years,2,male : single,none,3,car or other,31,none,own,2,unskilled - resident,1,no,yes,1
0 <= ... < 200 DM,24,critical account/other credits existing,car (new),10358,... < 100 DM,... >= 7 years,3,male : single,none,2,unknown/no property,31,bank,own,1,unskilled - resident,1,no,yes,0
no checking account,24,existing credits paid back duly till now,education,1273,... < 100 DM,... >= 7 years,2,female : divorced/separated/married,none,3,building society savings agreement/life insurance,27,none,own,1,skilled employee/official,1,yes,yes,1
... < 100 DM,18,critical account/other credits existing,other,479,... < 100 DM,1 <= ... < 4 years,3,male : single,none,2,car or other,23,none,rent,1,management/self-employed/highly qualified employee/officer,2,no,yes,0
no checking account,12,existing credits paid back duly till now,domestic appliances,587,... < 100 DM,... >= 7 years,3,female : divorced/separated/married,none,2,real estate,40,none,for free,1,skilled employee/official,1,no,yes,1
no checking account,30,existing credits paid back duly till now,furniture/equipment,9764,unknown/no savings account,1 <= ... < 4 years,2,female : divorced/separated/married,none,4,car or other,30,none,own,1,unemployed/unskilled - non-resident,1,yes,yes,1
no checking account,42,delay in paying off in the past,radio/television,4129,... < 100 DM,1 <= ... < 4 years,3,female : divorced/separated/married,none,3,unknown/no property,20,none,own,2,skilled employee/official,1,no,yes,1
>= 200 DM / salary assignments,36,existing credits paid back duly till now,car (new),1866,500 <= ... < 1000 DM,... >= 7 years,1,male : single,none,4,building society savings agreement/life insurance,35,none,own,2,skilled employee/official,1,no,yes,1
... < 100 DM,24,existing credits paid back duly till now,radio/television,1031,... < 100 DM,1 <= ... < 4 years,1,male : single,none,2,building society savings agreement/life insurance,37,none,own,1,unskilled - resident,1,no,yes,0
0 <= ... < 200 DM,24,existing credits paid back duly till now,domestic appliances,1571,... < 100 DM,1 <= ... < 4 years,4,male : single,none,2,building society savings agreement/life insurance,43,none,own,1,unskilled - resident,1,no,yes,1
... < 100 DM,6,existing credits paid back duly till now,furniture/equipment,1822,... < 100 DM,4 <= ... < 7 years,1,male : single,none,3,unknown/no property,24,none,own,2,skilled employee/official,1,yes,yes,0
no checking account,42,delay in paying off in the past,radio/television,1704,... >= 1000 DM,... >= 7 years,2,male : single,none,2,building society savings agreement/life insurance,28,none,own,1,skilled employee/official,1,no,yes,1
0 <= ... < 200 DM,4,existing credits paid back duly till now,education,1055,100 <= ... < 500 DM,4 <= ... < 7 years,2,male : single,none,3,building society savings agreement/life insurance,43,none,own,1,skilled employee/official,2,yes,yes,1
no checking account,6,existing credits paid back duly till now,retraining,1822,unknown/no savings account,< 1 year,3,female : divorced/separated/married,none,2,real estate,23,stores,rent,2,skilled employee/official,2,no,yes,1
>= 200 DM / salary assignments,36,existing credits paid back duly till now,radio/television,5966,... < 100 DM,... >= 7 years,3,male : single,none,4,real estate,27,none,own,1,management/self-employed/highly qualified employee/officer,1,yes,yes,1
no checking account,4,existing credits paid back duly till now at this bank,radio/television,2155,500 <= ... < 1000 DM,... >= 7 years,3,male : married/widowed,none,1,unknown/no property,35,none,own,2,skilled employee/official,1,no,yes,1
no checking account,15,existing credits paid back duly till now,radio/television,4566,... < 100 DM,< 1 year,4,male : single,co-applicant,3,car or other,40,none,own,2,unskilled - resident,1,no,yes,1
0 <= ... < 200 DM,30,existing credits paid back duly till now,car (new),1150,... >= 1000 DM,... >= 7 years,2,female : divorced/separated/married,none,2,unknown/no property,26,none,own,3,unskilled - resident,1,yes,yes,1
... < 100 DM,48,existing credits paid back duly till now,retraining,3050,100 <= ... < 500 DM,... >= 7 years,3,female : divorced/separated/married,none,2,car or other,21,none,for free,2,skilled employee/official,1,no,yes,0
... < 100 DM,18,no credits taken/all credits paid back duly,car (used),4394,unknown/no savings account,unemployed,2,female : divorced/separated/married,none,2,real estate,33,none,own,1,unskilled - resident,1,yes,yes,0
no checking account,18,existing credits paid back duly till now,furniture/equipment,4041,... < 100 DM,... >= 7 years,1,male : married/widowed,none,2,real estate,45,none,own,3,skilled employee/official,1,no,yes,1
... < 100 DM,15,existing credits paid back duly till now,education,919,... < 100 DM,... >= 7 years,4,female : divorced/separated/married,guarantor,1,building society savings agreement/life insurance,41,none,own,1,skilled employee/official,2,yes,yes,1
... < 100 DM,24,existing credits paid back duly till now,radio/television,826,... < 100 DM,1 <= ... < 4 years,2,male : single,none,3,car or other,43,bank,own,1,management/self-employed/highly qualified employee/officer,1,no,yes,0
0 <= ... < 200 DM,15,existing credits paid back duly till now,radio/television,1975,... < 100 DM,4 <= ... < 7 years,3,male : single,none,3,car or other,46,bank,for free,1,unskilled - resident,1,no,no,1
... < 100 DM,24,existing credits paid back duly till now,furniture/equipment,917,500 <= ... < 1000 DM,1 <= ... < 4 years,4,male : single,none,3,building society savings agreement/life insurance,51,none,own,2,skilled employee/official,1,no,yes,0
no checking account,9,existing credits paid back duly till now at this bank,radio/television,665,... < 100 DM,< 1 year,3,female : divorced/separated/married,none,2,car or other,49,none,for free,1,management/self-employed/highly qualified employee/officer,1,yes,yes,1
no checking account,18,existing credits paid back duly till now,radio/television,5166,... < 100 DM,1 <= ... < 4 years,2,male : single,none,3,real estate,38,none,own,1,unskilled - resident,2,yes,yes,1
no checking account,36,existing credits paid back duly till now,education,3896,... < 100 DM,... >= 7 years,2,male : single,none,4,unknown/no property,26,none,for free,1,unemployed/unskilled - non-resident,1,yes,yes,1
0 <= ... < 200 DM,18,delay in paying off in the past,car (used),2274,... < 100 DM,1 <= ... < 4 years,1,male : single,none,3,unknown/no property,23,none,rent,1,skilled employee/official,1,yes,yes,0
0 <= ... < 200 DM,18,existing credits paid back duly till now,furniture/equipment,3256,unknown/no savings account,unemployed,4,female : divorced/separated/married,none,3,unknown/no property,45,none,own,3,management/self-employed/highly qualified employee/officer,1,yes,yes,0
no checking account,30,existing credits paid back duly till now,radio/television,2506,100 <= ... < 500 DM,4 <= ... < 7 years,2,male : single,none,4,car or other,46,none,own,2,management/self-employed/highly qualified employee/officer,2,no,yes,1
... < 100 DM,24,critical account/other credits existing,car (used),4103,... < 100 DM,1 <= ... < 4 years,3,male : married/widowed,none,3,car or other,28,stores,rent,2,skilled employee/official,1,yes,yes,0
... < 100 DM,9,critical account/other credits existing,car (new),5137,... < 100 DM,... >= 7 years,3,male : married/widowed,none,2,building society savings agreement/life insurance,36,none,own,1,unskilled - resident,1,no,yes,1
0 <= ... < 200 DM,18,critical account/other credits existing,radio/television,9481,100 <= ... < 500 DM,< 1 year,4,male : single,none,3,car or other,32,none,for free,1,unskilled - resident,1,yes,no,1
no checking account,12,existing credits paid back duly till now,radio/television,2687,unknown/no savings account,... >= 7 years,3,male : single,guarantor,3,real estate,45,none,own,1,skilled employee/official,1,yes,yes,1
0 <= ... < 200 DM,48,existing credits paid back duly till now,radio/television,6319,... < 100 DM,4 <= ... < 7 years,1,female : divorced/separated/married,none,1,building society savings agreement/life insurance,19,none,own,2,skilled employee/official,2,yes,yes,0
no checking account,24,delay in paying off in the past,radio/television,1386,... < 100 DM,1 <= ... < 4 years,2,male : single,none,3,car or other,25,bank,own,2,skilled employee/official,1,no,yes,1
no checking account,18,existing credits paid back duly till now,car (new),5302,... < 100 DM,< 1 year,2,female : divorced/separated/married,none,4,car or other,19,none,own,1,unskilled - resident,2,no,yes,0
0 <= ... < 200 DM,18,no credits taken/all credits paid back duly,radio/television,1707,unknown/no savings account,< 1 year,2,female : divorced/separated/married,co-applicant,3,building society savings agreement/life insurance,27,bank,own,1,unskilled - resident,1,no,yes,0
no checking account,30,existing credits paid back duly till now,radio/television,3963,... < 100 DM,< 1 year,3,male : single,none,2,building society savings agreement/life insurance,44,none,rent,2,unskilled - resident,1,no,yes,1
... < 100 DM,9,delay in paying off in the past,radio/television,1063,100 <= ... < 500 DM,... >= 7 years,3,male : single,none,4,car or other,44,none,own,2,skilled employee/official,2,no,yes,0
0 <= ... < 200 DM,12,critical account/other credits existing,car (new),4467,unknown/no savings account,... >= 7 years,3,female : divorced/separated/married,none,1,real estate,36,none,own,1,skilled employee/official,1,yes,yes,1
0 <= ... < 200 DM,12,critical account/other credits existing,furniture/equipment,7275,... < 100 DM,1 <= ... < 4 years,3,female : divorced/separated/married,none,4,real estate,36,none,own,1,skilled employee/official,1,no,yes,1
0 <= ... < 200 DM,24,critical account/other credits existing,car (new),2249,500 <= ... < 1000 DM,unemployed,3,male : married/widowed,none,3,real estate,47,none,own,1,skilled employee/official,1,no,yes,1
0 <= ... < 200 DM,9,critical account/other credits existing,furniture/equipment,1773,100 <= ... < 500 DM,1 <= ... < 4 years,3,male : single,none,2,car or other,30,none,own,1,skilled employee/official,2,yes,yes,1
0 <= ... < 200 DM,12,delay in paying off in the past,radio/television,4969,100 <= ... < 500 DM,unemployed,1,male : single,none,2,building society savings agreement/life insurance,26,none,own,1,skilled employee/official,1,yes,yes,1
... < 100 DM,4,existing credits paid back duly till now at this bank,radio/television,1391,... < 100 DM,1 <= ... < 4 years,3,female : divorced/separated/married,none,2,car or other,30,none,for free,1,skilled employee/official,2,yes,yes,1
... < 100 DM,42,existing credits paid back duly till now,education,1903,... < 100 DM,unemployed,2,male : single,none,2,car or other,32,none,for free,1,skilled employee/official,1,yes,yes,0
>= 200 DM / salary assignments,36,existing credits paid back duly till now,car (new),2505,... < 100 DM,unemployed,1,female : divorced/separated/married,none,2,real estate,35,bank,own,1,management/self-employed/highly qualified employee/officer,1,no,yes,1
no checking account,48,existing credits paid back duly till now at this bank,radio/television,912,500 <= ... < 1000 DM,< 1 year,3,female : divorced/separated/married,none,4,real estate,34,none,rent,1,management/self-employed/highly qualified employee/officer,1,no,yes,1
no checking account,24,existing credits paid back duly till now at this bank,car (used),1357,... < 100 DM,< 1 year,2,male : single,none,2,real estate,23,none,own,1,skilled employee/official,1,no,yes,1
no checking account,6,no credits taken/all credits paid back duly,retraining,3529,unknown/no savings account,< 1 year,3,male : divorced/separated,none,4,car or other,23,none,own,1,skilled employee/official,1,yes,yes,1
no checking account,15,existing credits paid back duly till now,other,2311,... < 100 DM,... >= 7 years,1,male : single,none,1,car or other,54,none,for free,4,skilled employee/official,1,yes,yes,1
... < 100 DM,18,existing credits paid back duly till now,car (used),8244,500 <= ... < 1000 DM,1 <= ... < 4 years,4,female : divorced/separated/married,none,2,car or other,19,none,own,3,unskilled - resident,1,yes,yes,0
no checking account,24,existing credits paid back duly till now,car (used),1110,100 <= ... < 500 DM,< 1 year,2,male : married/widowed,none,4,building society savings agreement/life insurance,29,none,own,2,skilled employee/official,2,no,yes,1
>= 200 DM / salary assignments,24,delay in paying off in the past,car (used),1805,... < 100 DM,< 1 year,1,male : single,none,3,car or other,48,none,own,2,skilled employee/official,1,no,yes,0
... < 100 DM,4,delay in paying off in the past,radio/television,1007,... < 100 DM,... >= 7 years,1,female : divorced/separated/married,none,2,building society savings agreement/life insurance,42,none,rent,4,management/self-employed/highly qualified employee/officer,1,no,yes,0
0 <= ... < 200 DM,24,existing credits paid back duly till now,education,6020,100 <= ... < 500 DM,< 1 year,3,male : single,none,1,real estate,38,none,rent,1,skilled employee/official,2,no,yes,0
no checking account,18,existing credits paid back duly till now,radio/television,1971,unknown/no savings account,< 1 year,3,male : divorced/separated,none,3,building society savings agreement/life insurance,28,none,own,1,skilled employee/official,1,yes,yes,1
... < 100 DM,72,delay in paying off in the past,furniture/equipment,4547,... < 100 DM,4 <= ... < 7 years,2,female : divorced/separated/married,none,4,real estate,42,none,own,2,unskilled - resident,1,yes,yes,0
no checking account,30,critical account/other credits existing,business,3453,unknown/no savings account,1 <= ... < 4 years,4,female : divorced/separated/married,none,4,unknown/no property,28,none,own,2,skilled employee/official,1,yes,yes,1
no checking account,9,existing credits paid back duly till now,business,1644,100 <= ... < 500 DM,1 <= ... < 4 years,2,male : single,guarantor,3,car or other,43,none,rent,1,management/self-employed/highly qualified employee/officer,1,no,yes,0
0 <= ... < 200 DM,18,existing credits paid back duly till now,domestic appliances,7463,100 <= ... < 500 DM,1 <= ... < 4 years,2,male : single,none,1,unknown/no property,23,none,own,1,skilled employee/official,1,no,no,1
... < 100 DM,60,critical account/other credits existing,furniture/equipment,1343,... >= 1000 DM,1 <= ... < 4 years,2,male : single,none,1,real estate,28,none,own,1,management/self-employed/highly qualified employee/officer,1,yes,yes,1
no checking account,18,existing credits paid back duly till now at this bank,radio/television,5630,100 <= ... < 500 DM,< 1 year,1,male : single,none,4,real estate,19,none,for free,2,unskilled - resident,2,yes,yes,0
0 <= ... < 200 DM,24,existing credits paid back duly till now,radio/television,792,500 <= ... < 1000 DM,1 <= ... < 4 years,3,male : married/widowed,co-applicant,3,building society savings agreement/life insurance,31,bank,own,1,skilled employee/official,1,yes,yes,1
0 <= ... < 200 DM,12,delay in paying off in the past,car (new),2838,500 <= ... < 1000 DM,1 <= ... < 4 years,3,male : married/widowed,none,4,real estate,40,none,own,1,management/self-employed/highly qualified employee/officer,1,yes,yes,1
... < 100 DM,12,existing credits paid back duly till now,business,877,... < 100 DM,< 1 year,2,female : divorced/separated/married,co-applicant,3,real estate,49,none,own,1,skilled employee/official,1,yes,yes,1
no checking account,24,existing credits paid back duly till now,car (new),2330,100 <= ... < 500 DM,... >= 7 years,2,male : single,none,3,building society savings agreement/life insurance,34,bank,own,2,skilled employee/official,1,no,no,1
no checking account,21,existing credits paid back duly till now,furniture/equipment,3832,... < 100 DM,1 <= ... < 4 years,1,male : single,none,3,car or other,23,bank,own,1,management/self-employed/highly qualified employee/officer,1,yes,yes,1
no checking account,36,existing credits paid back duly till now,radio/television,973,500 <= ... < 1000 DM,< 1 year,3,male : married/widowed,co-applicant,3,unknown/no property,30,none,rent,2,management/self-employed/highly qualified employee/officer,1,no,yes,1
0 <= ... < 200 DM,60,existing credits paid back duly till now at this bank,car (used),4145,... < 100 DM,unemployed,4,female : divorced/separated/married,none,3,car or other,29,none,own,1,management/self-employed/highly qualified employee/officer,2,no,yes,0
no checking account,12,existing credits paid back duly till now,radio/television,1360,... < 100 DM,4 <= ... < 7 years,3,male : single,none,1,real estate,41,none,own,1,skilled employee/official,1,no,yes,1
... < 100 DM,42,existing credits paid back duly till now,radio/television,1143,... < 100 DM,< 1 year,2,male : single,none,2,unknown/no property,49,none,for free,2,unskilled - resident,1,no,yes,0
0 <= ... < 200 DM,36,existing credits paid back duly till now,radio/television,1482,unknown/no savings account,1 <= ... < 4 years,4,female : divorced/separated/married,none,4,real estate,44,none,own,1,unskilled - resident,1,no,yes,1
0 <= ... < 200 DM,36,no credits taken/all credits paid back duly,education,1362,unknown/no savings account,... >= 7 years,4,male : married/widowed,none,3,real estate,22,none,for free,1,unskilled - resident,1,yes,yes,0
... < 100 DM,24,existing credits paid back duly till now at this bank,vacation,424,... < 100 DM,... >= 7 years,3,female : divorced/separated/married,none,3,real estate,37,none,rent,2,skilled employee/official,1,no,yes,1
0 <= ... < 200 DM,6,existing credits paid back duly till now,radio/television,1334,... < 100 DM,1 <= ... < 4 years,3,female : divorced/separated/married,none,1,car or other,62,none,own,1,skilled employee/official,1,no,yes,1
no checking account,21,existing credits paid back duly till now,radio/television,2994,... < 100 DM,... >= 7 years,4,male : single,none,1,real estate,28,none,own,2,skilled employee/official,2,no,yes,1
no checking account,12,no credits taken/all credits paid back duly,car (new),901,... < 100 DM,... >= 7 years,3,male : single,guarantor,2,real estate,33,bank,own,2,skilled employee/official,1,no,yes,1
no checking account,18,existing credits paid back duly till now,furniture/equipment,1547,500 <= ... < 1000 DM,4 <= ... < 7 years,2,female : divorced/separated/married,none,2,unknown/no property,45,none,rent,3,skilled employee/official,1,no,yes,1
no checking account,30,existing credits paid back duly till now,furniture/equipment,2417,unknown/no savings account,4 <= ... < 7 years,3,female : divorced/separated/married,none,4,car or other,32,none,own,1,unskilled - resident,1,no,yes,1
0 <= ... < 200 DM,48,existing credits paid back duly till now at this bank,radio/television,3140,... < 100 DM,... >= 7 years,3,male : single,none,3,car or other,53,none,for free,2,management/self-employed/highly qualified employee/officer,1,no,no,1
no checking account,30,existing credits paid back duly till now at this bank,car (new),3808,100 <= ... < 500 DM,1 <= ... < 4 years,1,male : married/widowed,none,3,car or other,45,none,own,2,skilled employee/official,1,yes,yes,1
no checking account,12,existing credits paid back duly till now,radio/television,659,100 <= ... < 500 DM,... >= 7 years,4,female : divorced/separated/married,none,4,real estate,19,none,rent,1,skilled employee/official,1,yes,yes,1
no checking account,6,existing credits paid back duly till now,radio/television,1185,... < 100 DM,< 1 year,3,male : single,co-applicant,3,building society savings agreement/life insurance,37,none,own,1,skilled employee/official,1,yes,yes,1
no checking account,18,existing credits paid back duly till now,car (used),1879,... < 100 DM,unemployed,4,male : divorced/separated,none,1,real estate,32,none,own,1,skilled employee/official,1,no,yes,1
... < 100 DM,48,critical account/other credits existing,furniture/equipment,2136,... < 100 DM,unemployed,2,male : single,none,3,real estate,35,none,own,2,skilled employee/official,1,no,yes,1
no checking account,9,existing credits paid back duly till now at this bank,vacation,2618,... < 100 DM,... >= 7 years,2,female : divorced/separated/married,none,3,real estate,62,none,own,2,skilled employee/official,1,no,yes,1
0 <= ... < 200 DM,48,critical account/other credits existing,car (new),1574,100 <= ... < 500 DM,< 1 year,3,male : single,none,4,car or other,42,none,rent,1,unskilled - resident,1,no,yes,0
0 <= ... < 200 DM,24,no credits taken/all credits paid back duly,domestic appliances,3118,unknown/no savings account,4 <= ... < 7 years,1,male : single,guarantor,2,building society savings agreement/life insurance,32,none,own,2,management/self-employed/highly qualified employee/officer,1,yes,yes,0
no checking account,36,existing credits paid back duly till now,repairs,2204,... < 100 DM,1 <= ... < 4 years,3,male : divorced/separated,none,4,real estate,27,none,own,2,skilled employee/official,1,yes,yes,0
0 <= ... < 200 DM,18,existing credits paid back duly till now,retraining,1209,... < 100 DM,1 <= ... < 4 years,2,male : married/widowed,none,4,real estate,41,none,own,1,unskilled - resident,2,no,yes,1
0 <= ... < 200 DM,9,critical account/other credits existing,other,1474,... < 100 DM,4 <= ... < 7 years,3,female : divorced/separated/married,none,3,real estate,29,stores,own,1,management/self-employed/highly qualified employee/officer,2,yes,yes,1
0 <= ... < 200 DM,48,existing credits paid back duly till now,radio/television,1124,... < 100 DM,1 <= ... < 4 years,4,male : single,none,3,building society savings agreement/life insurance,39,none,own,2,skilled employee/official,1,no,yes,1
0 <= ... < 200 DM,30,critical account/other credits existing,radio/television,1897,unknown/no savings account,1 <= ... < 4 years,4,male : single,none,3,building society savings agreement/life insurance,19,none,rent,1,skilled employee/official,1,no,yes,1
no checking account,12,critical account/other credits existing,car (used),1915,unknown/no savings account,unemployed,2,female : divorced/separated/married,none,3,real estate,34,none,own,1,skilled employee/official,1,no,yes,1
... < 100 DM,36,existing credits paid back duly till now,radio/television,2755,... < 100 DM,... >= 7 years,1,male : single,none,2,car or other,19,none,rent,1,management/self-employed/highly qualified employee/officer,1,yes,yes,0
... < 100 DM,12,existing credits paid back duly till now,furniture/equipment,5928,... < 100 DM,4 <= ... < 7 years,2,male : married/widowed,none,1,building society savings agreement/life insurance,32,none,own,1,skilled employee/official,1,no,yes,1
0 <= ... < 200 DM,21,existing credits paid back duly till now,radio/television,557,100 <= ... < 500 DM,4 <= ... < 7 years,3,male : single,guarantor,3,car or other,31,none,for free,1,skilled employee/official,1,yes,yes,1
no checking account,12,critical account/other credits existing,radio/television,2102,... < 100 DM,1 <= ... < 4 years,3,male : single,none,3,real estate,33,none,rent,3,management/self-employed/highly qualified employee/officer,1,yes,yes,1
no checking account,21,existing credits paid back duly till now,vacation,1837,... < 100 DM,1 <= ... < 4 years,2,female : divorced/separated/married,none,3,unknown/no property,52,bank,for free,1,skilled employee/official,1,yes,yes,1
0 <= ... < 200 DM,12,existing credits paid back duly till now at this bank,radio/television,2205,500 <= ... < 1000 DM,1 <= ... < 4 years,2,male : single,none,4,car or other,46,bank,rent,2,skilled employee/official,1,no,yes,1
no checking account,30,delay in paying off in the past,radio/television,6633,... < 100 DM,1 <= ... < 4 years,2,male : married/widowed,none,4,car or other,42,none,own,4,skilled employee/official,1,yes,yes,1
no checking account,36,critical account/other credits existing,furniture/equipment,1622,500 <= ... < 1000 DM,< 1 year,3,male : single,none,2,real estate,44,bank,own,3,skilled employee/official,1,no,yes,1
no checking account,24,existing credits paid back duly till now,furniture/equipment,2146,... < 100 DM,unemployed,4,male : single,none,2,unknown/no property,25,none,own,1,unskilled - resident,1,no,yes,1
no checking account,30,existing credits paid back duly till now,car (new),1667,... < 100 DM,4 <= ... < 7 years,3,male : single,none,1,car or other,35,none,own,1,skilled employee/official,2,no,yes,1
... < 100 DM,48,existing credits paid back duly till now at this bank,furniture/equipment,1816,... < 100 DM,< 1 year,2,female : divorced/separated/married,none,3,building society savings agreement/life insurance,42,none,for free,1,skilled employee/official,1,no,yes,0
0 <= ... < 200 DM,12,existing credits paid back duly till now,furniture/equipment,1796,... < 100 DM,... >= 7 years,4,female : divorced/separated/married,none,2,real estate,32,none,own,2,skilled employee/official,1,yes,yes,1
no checking account,36,critical account/other credits existing,car (new),487,... < 100 DM,< 1 year,3,female : divorced/separated/married,none,2,real estate,29,none,own,2,skilled employee/official,1,no,yes,1
... < 100 DM,18,existing credits paid back duly till now,car (new),2247,... < 100 DM,... >= 7 years,1,male : single,none,3,real estate,41,none,own,1,management/self-employed/highly qualified employee/officer,2,no,yes,1
... < 100 DM,30,critical account/other credits existing,car (new),902,... < 100 DM,... >= 7 years,1,male : single,none,3,real estate,19,none,rent,1,unskilled - resident,1,no,yes,1
... < 100 DM,42,existing credits paid back duly till now,radio/television,1010,... < 100 DM,1 <= ... < 4 years,3,female : divorced/separated/married,none,3,car or other,68,none,rent,2,skilled employee/official,2,no,yes,0
... < 100 DM,12,delay in paying off in the past,car (new),2053,... < 100 DM,4 <= ... < 7 years,2,female : divorced/separated/married,guarantor,3,car or other,19,none,own,3,unskilled - resident,1,no,yes,0
0 <= ... < 200 DM,30,existing credits paid back duly till now,furniture/equipment,1231,100 <= ... < 500 DM,unemployed,4,male : single,none,4,building society savings agreement/life insurance,32,none,own,1,skilled employee/official,1,no,yes,1
>= 200 DM / salary assignments,6,existing credits paid back duly till now,domestic appliances,3590,100 <= ... < 500 DM,1 <= ... < 4 years,2,female : divorced/separated/married,none,2,car or other,53,bank,own,1,skilled employee/official,1,no,yes,1
no checking account,18,critical account/other credits existing,furniture/equipment,1542,... < 100 DM,... >= 7 years,4,female : divorced/separated/married,co-applicant,3,car or other,30,none,own,2,management/self-employed/highly qualified employee/officer,1,yes,yes,1
no checking account,15,existing credits paid back duly till now,furniture/equipment,2910,... >= 1000 DM,... >= 7 years,3,male : single,none,1,car or other,27,none,own,1,unskilled - resident,2,no,yes,1
no checking account,42,critical account/other credits existing,radio/television,2556,unknown/no savings account,1 <= ... < 4 years,4,female : divorced/separated/married,none,3,building society savings agreement/life insurance,37,none,own,1,skilled employee/official,2,yes,yes,1
no checking account,24,critical account/other credits existing,car (new),1752,... < 100 DM,1 <= ... < 4 years,2,male : single,none,4,car or other,53,none,for free,1,unskilled - resident,1,no,yes,1
no checking account,12,existing credits paid back duly till now,car (new),1784,unknown/no savings account,4 <= ... < 7 years,4,male : married/widowed,none,3,building society savings agreement/life insurance,36,none,own,2,skilled employee/official,1,yes,yes,1
0 <= ... < 200 DM,18,existing credits paid back duly till now,car (new),5881,... < 100 DM,... >= 7 years,3,female : divorced/separated/married,none,3,unknown/no property,47,none,own,1,management/self-employed/highly qualified employee/officer,1,yes,yes,1
0 <= ... < 200 DM,36,existing credits paid back duly till now at this bank,car (used),3342,... >= 1000 DM,< 1 year,3,female : divorced/separated/married,none,3,real estate,45,none,rent,1,skilled employee/official,1,no,yes,1
0 <= ... < 200 DM,6,delay in paying off in the past,domestic appliances,2549,... < 100 DM,1 <= ... < 4 years,2,female : divorced/separated/married,none,4,building society savings agreement/life insurance,46,none,own,1,skilled employee/official,1,no,yes,1
... < 100 DM,6,existing credits paid back duly till now,car (used),3181,100 <= ... < 500 DM,< 1 year,2,male : single,none,3,unknown/no property,26,none,rent,2,skilled employee/official,1,yes,yes,0
0 <= ... < 200 DM,18,critical account/other credits existing,furniture/equipment,1567,100 <= ... < 500 DM,1 <= ... < 4 years,1,female : divorced/separated/married,none,3,car or other,31,none,own,1,unskilled - resident,1,yes,yes,1
no checking account,6,delay in paying off in the past,car (used),1784,100 <= ... < 500 DM,... >= 7 years,1,male : single,none,1,real estate,40,none,own,1,skilled employee/official,1,yes,yes,1
0 <= ... < 200 DM,36,existing credits paid back duly till now at this bank,furniture/equipment,3197,... < 100 DM,4 <= ... < 7 years,3,male : divorced/separated,none,3,real estate,48,none,for free,2,unskilled - resident,1,yes,yes,1
0 <= ... < 200 DM,42,critical account/other credits existing,furniture/equipment,3977,... < 100 DM,unemployed,3,male : single,none,3,building society savings agreement/life insurance,34,none,own,1,skilled employee/official,1,no,yes,0
>= 200 DM / salary assignments,24,existing credits paid back duly till now at this bank,radio/television,3685,500 <= ... < 1000 DM,1 <= ... < 4 years,1,male : single,none,3,real estate,35,none,own,1,skilled employee/official,1,yes,yes,1
no checking account,42,existing credits paid back duly till now at this bank,domestic appliances,3671,... < 100 DM,... >= 7 years,2,male : single,guarantor,3,unknown/no property,40,bank,own,1,management/self-employed/highly qualified employee/officer,1,no,yes,1
no checking account,18,existing credits paid back duly till now,furniture/equipment,3459,... < 100 DM,unemployed,3,male : single,co-applicant,4,real estate,19,stores,own,1,skilled employee/official,1,yes,yes,0
no checking account,12,existing credits paid back duly till now at this bank,car (new),1831,... < 100 DM,... >= 7 years,1,male : single,none,2,car or other,19,none,own,2,skilled employee/official,1,no,yes,1
no checking account,18,existing credits paid back duly till now,car (used),766,100 <= ... < 500 DM,1 <= ... < 4 years,3,female : divorced/separated/married,none,3,unknown/no property,21,none,own,4,unskilled - resident,1,no,yes,1
0 <= ... < 200 DM,18,existing credits paid back duly till now,furniture/equipment,3402,500 <= ... < 1000 DM,... >= 7 years,1,male : single,guarantor,4,car or other,19,none,own,1,management/self-employed/highly qualified employee/officer,1,no,yes,0
no checking account,18,existing credits paid back duly till now,car (used),2267,unknown/no savings account,4 <= ... < 7 years,3,male : single,none,3,car or other,39,none,own,1,unskilled - resident,1,yes,no,0
no checking account,4,existing credits paid back duly till now at this bank,car (used),4186,100 <= ... < 500 DM,... >= 7 years,2,female : divorced/separated/married,none,3,car or other,26,none,own,1,skilled employee/official,1,no,yes,1
no checking account,18,delay in paying off in the past,furniture/equipment,1354,... < 100 DM,< 1 year,4,female : divorced/separated/married,co-applicant,3,car or other,44,none,own,1,skilled employee/official,2,no,yes,1
... < 100 DM,24,existing credits paid back duly till now,car (new),1541,unknown/no savings account,1 <= ... < 4 years,2,male : married/widowed,none,3,car or other,31,none,own,1,skilled employee/official,1,no,yes,0
... < 100 DM,4,critical account/other credits existing,car (new),807,... < 100 DM,< 1 year,3,male : single,none,3,building society savings agreement/life insurance,42,none,own,1,skilled employee/official,1,no,yes,1
>= 200 DM / salary assignments,24,no credits taken/all credits paid back duly,radio/television,3902,... < 100 DM,1 <= ... < 4 years,4,male : single,none,2,building society savings agreement/life insurance,29,none,rent,1,skilled employee/official,1,no,yes,1
... < 100 DM,12,existing credits paid back duly till now,radio/television,1265,... < 100 DM,... >= 7 years,2,female : divorced/separated/married,none,1,car or other,19,none,own,1,skilled employee/official,1,no,yes,0
no checking account,6,existing credits paid back duly till now,repairs,2354,... < 100 DM,1 <= ... < 4 years,3,female : divorced/separated/married,guarantor,1,car or other,45,none,own,1,unskilled - resident,1,yes,yes,0
0 <= ... < 200 DM,18,critical account/other credits existing,car (new),4362,100 <= ... < 500 DM,... >= 7 years,1,female : divorced/separated/married,none,3,unknown/no property,19,none,rent,1,management/self-employed/highly qualified employee/officer,1,no,yes,1
no checking account,12,existing credits paid back duly till now at this bank,business,1969,... < 100 DM,< 1 year,4,male : single,none,2,car or other,56,none,for free,1,skilled employee/official,2,no,yes,0
0 <= ... < 200 DM,18,existing credits paid back duly till now,car (used),2294,... >= 1000 DM,... >= 7 years,2,female : divorced/separated/married,none,2,car or other,36,none,for free,1,skilled employee/official,1,yes,yes,0
0 <= ... < 200 DM,12,critical account/other credits existing,car (new),2948,... < 100 DM,< 1 year,2,male : single,none,4,building society savings agreement/life insurance,69,none,own,1,skilled employee/official,1,no,yes,1
no checking account,12,existing credits paid back duly till now at this bank,radio/television,1336,... < 100 DM,4 <= ... < 7 years,3,male : single,none,3,unknown/no property,30,none,own,1,skilled employee/official,1,no,yes,1
no checking account,12,existing credits paid back duly till now,radio/television,2209,100 <= ... < 500 DM,1 <= ... < 4 years,4,male : single,guarantor,2,car or other,31,bank,own,2,unskilled - resident,1,no,yes,1
no checking account,9,existing credits paid back duly till now,retraining,1140,... < 100 DM,1 <= ... < 4 years,4,male : single,none,2,real estate,36,bank,own,4,skilled employee/official,1,no,yes,1
0 <= ... < 200 DM,6,existing credits paid back duly till now,education,2566,... < 100 DM,4 <= ... < 7 years,4,male : single,none,2,real estate,38,bank,rent,1,unskilled - resident,1,yes,no,0
no checking account,6,existing credits paid back duly till now,radio/television,1615,... < 100 DM,1 <= ... < 4 years,1,male : single,none,3,car or other,43,none,own,1,unskilled - resident,1,no,yes,1
... < 100 DM,54,existing credits paid back duly till now,furniture/equipment,1663,... < 100 DM,... >= 7 years,3,male : single,none,1,unknown/no property,19,none,own,2,unskilled - resident,1,no,yes,0
no checking account,6,no credits taken/all credits paid back duly,car (new),1733,100 <= ... < 500 DM,... >= 7 years,2,male : single,none,2,building society savings agreement/life insurance,19,none,own,1,unskilled - resident,1,no,yes,1
no checking account,18,critical account/other credits existing,radio/television,1643,... < 100 DM,... >= 7 years,2,male : married/widowed,none,3,car or other,37,none,rent,2,skilled employee/official,1,yes,yes,1
0 <= ... < 200 DM,12,critical account/other credits existing,furniture/equipment,2258,... < 100 DM,4 <= ... < 7 years,4,male : single,none,2,real estate,30,none,own,3,skilled employee/official,1,no,yes,1
0 <= ... < 200 DM,30,existing credits paid back duly till now,furniture/equipment,2932,... < 100 DM,1 <= ... < 4 years,3,male : single,none,3,building society savings agreement/life insurance,36,none,rent,2,skilled employee/official,1,no,yes,1
no checking account,36,existing credits paid back duly till now,radio/television,7211,... < 100 DM,< 1 year,4,male : single,none,3,real estate,28,none,own,2,skilled employee/official,1,no,yes,1
... < 100 DM,54,existing credits paid back duly till now,radio/television,2553,500 <= ... < 1000 DM,... >= 7 years,3,male : single,none,4,car or other,37,stores,own,1,unskilled - resident,2,no,yes,0
no checking account,36,existing credits paid back duly till now,radio/television,4940,... < 100 DM,... >= 7 years,3,male : single,guarantor,2,car or other,23,none,own,1,management/self-employed/highly qualified employee/officer,1,no,yes,1
... < 100 DM,6,existing credits paid back duly till now,furniture/equipment,4893,... < 100 DM,4 <= ... < 7 years,3,female : divorced/separated/married,none,3,car or other,39,none,own,2,skilled employee/official,1,yes,yes,1
no checking account,12,critical account/other credits existing,education,3059,unknown/no savings account,1 <= ... < 4 years,4,male : single,none,3,real estate,39,none,own,1,skilled employee/official,2,yes,yes,1
... < 100 DM,36,existing credits paid back duly till now at this bank,radio/television,2847,... < 100 DM,< 1 year,3,male : married/widowed,none,4,real estate,34,none,for free,1,skilled employee/official,1,no,yes,1
... < 100 DM,24,existing credits paid back duly till now,radio/television,1579,... < 100 DM,... >= 7 years,1,male : single,none,1,car or other,32,none,for free,3,skilled employee/official,1,yes,yes,0
... < 100 DM,18,existing credits paid back duly till now,retraining,1468,... < 100 DM,... >= 7 years,3,female : divorced/separated/married,none,4,building society savings agreement/life insurance,19,none,own,1,skilled employee/official,1,no,yes,1
0 <= ... < 200 DM,30,existing credits paid back duly till now,radio/television,3412,100 <= ... < 500 DM,4 <= ... < 7 years,2,male : single,none,3,car or other,30,none,for free,2,management/self-employed/highly qualified employee/officer,1,no,yes,0
0 <= ... < 200 DM,24,delay in paying off in the past,vacation,1102,... < 100 DM,1 <= ... < 4 years,1,male : married/widowed,none,3,real estate,33,none,own,1,unskilled - resident,1,no,yes,1
>= 200 DM / salary assignments,24,existing credits paid back duly till now,car (used),9199,100 <= ... < 500 DM,... >= 7 years,2,male : single,guarantor,2,building society savings agreement/life insurance,28,none,own,1,skilled employee/official,1,no,yes,0
no checking account,42,existing credits paid back duly till now,car (new),1738,... < 100 DM,< 1 year,3,male : single,none,3,real estate,28,bank,own,2,skilled employee/official,1,yes,yes,1
0 <= ... < 200 DM,12,existing credits paid back duly till now,business,519,... < 100 DM,1 <= ... < 4 years,2,male : single,none,3,real estate,19,none,own,1,skilled employee/official,1,yes,no,1
0 <= ... < 200 DM,42,existing credits paid back duly till now,repairs,2669,... < 100 DM,... >= 7 years,3,female : divorced/separated/married,none,1,unknown/no property,40,none,for free,2,skilled employee/official,2,yes,no,1
... < 100 DM,9,existing credits paid back duly till now,car (new),2519,unknown/no savings account,4 <= ... < 7 years,2,male : single,none,3,car or other,42,none,own,1,management/self-employed/highly qualified employee/officer,1,yes,yes,0
... < 100 DM,36,existing credits paid back duly till now,car (new),4228,... < 100 DM,... >= 7 years,1,male : single,none,4,building society savings agreement/life insurance,48,none,rent,1,unskilled - resident,1,no,yes,1
... < 100 DM,6,existing credits paid back duly till now,car (new),6652,... < 100 DM,< 1 year,3,male : married/widowed,none,2,unknown/no property,31,none,own,1,skilled employee/official,1,yes,yes,0
no checking account,48,existing credits paid back duly till now,retraining,2584,... < 100 DM,4 <= ... < 7 years,4,male : single,none,2,real estate,41,none,own,2,skilled employee/official,1,yes,yes,1
no checking account,12,critical account/other credits existing,car (new),2098,500 <= ... < 1000 DM,... >= 7 years,3,female : divorced/separated/married,none,4,real estate,47,none,own,2,skilled employee/official,2,no,yes,1
... < 100 DM,30,existing credits paid back duly till now,car (new),5870,... < 100 DM,1 <= ... < 4 years,2,male : single,none,1,car or other,40,none,rent,3,skilled employee/official,1,no,yes,0
no checking account,30,existing credits paid back duly till now,furniture/equipment,7281,100 <= ... < 500 DM,1 <= ... < 4 years,3,male : single,none,4,building society savings agreement/life insurance,28,none,own,1,skilled employee/official,1,no,yes,1
no checking account,30,existing credits paid back duly till now,car (new),6949,... < 100 DM,1 <= ... < 4 years,3,male : divorced/separated,none,3,car or other,28,bank,rent,1,skilled employee/official,2,no,yes,1
... < 100 DM,36,existing credits paid back duly till now,radio/television,1591,... < 100 DM,1 <= ... < 4 years,4,male : married/widowed,none,4,car or other,39,bank,for free,1,management/self-employed/highly qualified employee/officer,1,no,yes,0
0 <= ... < 200 DM,30,existing credits paid back duly till now,education,3670,... < 100 DM,... >= 7 years,2,female : divorced/separated/married,none,2,real estate,22,none,own,1,unskilled - resident,1,yes,yes,1
no checking account,12,existing credits paid back duly till now,car (used),2385,... < 100 DM,... >= 7 years,2,male : single,guarantor,2,unknown/no property,57,stores,own,2,unskilled - resident,2,yes,yes,1
no checking account,24,critical account/other credits existing,radio/television,4247,... < 100 DM,< 1 year,2,female : divorced/separated/married,none,4,car or other,37,none,own,1,unskilled - resident,1,no,yes,1
no checking account,21,critical account/other credits existing,radio/television,1518,... < 100 DM,unemployed,2,female : divorced/separated/married,none,2,real estate,23,none,for free,2,skilled employee/official,1,no,yes,1
0 <= ... < 200 DM,72,existing credits paid back duly till now,furniture/equipment,1070,100 <= ... < 500 DM,< 1 year,2,male : married/widowed,none,3,unknown/no property,38,none,for free,1,management/self-employed/highly qualified employee/officer,1,yes,yes,1
0 <= ... < 200 DM,4,existing credits paid back duly till now,radio/television,2898,... < 100 DM,... >= 7 years,3,male : single,none,3,car or other,44,none,for free,1,skilled employee/official,1,no,yes,1
... < 100 DM,24,delay in paying off in the past,repairs,3440,unknown/no savings account,... >= 7 years,4,male : single,none,4,car or other,35,none,own,1,skilled employee/official,1,no,yes,0
... < 100 DM,15,existing credits paid back duly till now,radio/television,1668,... < 100 DM,4 <= ... < 7 years,3,male : single,guarantor,4,unknown/no property,51,none,own,1,skilled employee/official,2,yes,yes,1
0 <= ... < 200 DM,36,existing credits paid back duly till now at this bank,radio/television,2032,... < 100 DM,< 1 year,2,female : divorced/separated/married,none,1,car or other,36,none,own,1,unskilled - resident,1,no,yes,1
no checking account,12,existing credits paid back duly till now,car (new),2014,100 <= ... < 500 DM,... >= 7 years,1,male : single,none,2,building society savings agreement/life insurance,23,none,own,1,skilled employee/official,1,yes,yes,1
no checking account,12,existing credits paid back duly till now,retraining,1146,unknown/no savings account,1 <= ... < 4 years,4,male : single,none,4,unknown/no property,19,bank,own,1,skilled employee/official,1,no,yes,1
no checking account,72,existing credits paid back duly till now,vacation,2368,... < 100 DM,4 <= ... < 7 years,2,male : single,none,2,building society savings agreement/life insurance,39,bank,for free,1,skilled employee/official,1,no,yes,1
... < 100 DM,6,critical account/other credits existing,radio/television,6779,100 <= ... < 500 DM,... >= 7 years,3,male : divorced/separated,none,1,car or other,43,none,own,2,unskilled - resident,1,no,yes,0
... < 100 DM,48,existing credits paid back duly till now at this bank,car (new),923,... < 100 DM,... >= 7 years,3,male : single,guarantor,2,unknown/no property,24,none,for free,1,skilled employee/official,2,no,yes,0
no checking account,24,existing credits paid back duly till now,car (new),2565,... < 100 DM,... >= 7 years,3,female : divorced/separated/married,none,3,building society savings agreement/life insurance,44,none,own,1,skilled employee/official,1,no,yes,1
... < 100 DM,18,delay in paying off in the past,radio/television,1409,... < 100 DM,1 <= ... < 4 years,3,male : divorced/separated,none,2,real estate,37,none,own,2,skilled employee/official,1,yes,yes,1
0 <= ... < 200 DM,42,no credits taken/all credits paid back duly,car (new),2932,unknown/no savings account,... >= 7 years,2,male : single,none,3,building society savings agreement/life insurance,44,none,own,1,skilled employee/official,1,no,yes,1
>= 200 DM / salary assignments,24,critical account/other credits existing,radio/television,1496,... < 100 DM,4 <= ... < 7 years,2,male : single,none,3,car or other,24,none,own,2,skilled employee/official,1,no,yes,0
>= 200 DM / salary assignments,60,existing credits paid back duly till now,domestic appliances,4160,... < 100 DM,1 <= ... < 4 years,1,male : divorced/separated,none,2,unknown/no property,54,none,own,1,skilled employee/official,1,yes,no,1
... < 100 DM,12,critical account/other credits existing,furniture/equipment,1504,... < 100 DM,1 <= ... < 4 years,2,male : married/widowed,none,4,real estate,35,none,own,1,skilled employee/official,2,no,yes,1
no checking account,12,existing credits paid back duly till now,furniture/equipment,2887,unknown/no savings account,4 <= ... < 7 years,2,male : single,none,4,car or other,56,stores,rent,1,skilled employee/official,2,yes,yes,1
... < 100 DM,18,critical account/other credits existing,domestic appliances,1160,100 <= ... < 500 DM,< 1 year,3,male : single,none,3,building society savings agreement/life insurance,40,none,rent,1,skilled employee/official,2,no,yes,1
... < 100 DM,30,existing credits paid back duly till now at this bank,furniture/equipment,1831,... < 100 DM,1 <= ... < 4 years,4,female : divorced/separated/married,guarantor,3,unknown/no property,60,none,for free,1,unskilled - resident,1,no,yes,0
... < 100 DM,12,existing credits paid back duly till now,furniture/equipment,4291,... < 100 DM,4 <= ... < 7 years,1,male : single,none,3,car or other,58,none,own,2,skilled employee/official,1,no,yes,0
no checking account,24,delay in paying off in the past,car (new),1389,unknown/no savings account,< 1 year,2,female : divorced/separated/married,none,2,building society savings agreement/life insurance,41,bank,for free,1,skilled employee/official,1,yes,yes,1
... < 100 DM,18,critical account/other credits existing,radio/television,1377,... < 100 DM,... >= 7 years,2,female : divorced/separated/married,none,3,real estate,27,none,own,2,skilled employee/official,2,no,yes,1
0 <= ... < 200 DM,18,existing credits paid back duly till now,furniture/equipment,997,... < 100 DM,< 1 year,2,male : single,none,2,building society savings agreement/life insurance,28,none,own,3,skilled employee/official,1,no,yes,0
no checking account,18,existing credits paid back duly till now,domestic appliances,2372,... >= 1000 DM,1 <= ... < 4 years,2,male : married/widowed,none,2,real estate,31,none,own,1,skilled employee/official,1,no,yes,1
0 <= ... < 200 DM,9,delay in paying off in the past,repairs,796,... < 100 DM,< 1 year,2,male : single,none,3,building society savings agreement/life insurance,23,none,rent,1,unskilled - resident,1,no,yes,0
0 <= ... < 200 DM,24,delay in paying off in the past,car (new),2033,... < 100 DM,1 <= ... < 4 years,3,male : married/widowed,guarantor,4,car or other,25,none,rent,1,skilled employee/official,1,no,yes,0
no checking account,30,existing credits paid back duly till now,radio/television,3486,... < 100 DM,unemployed,2,male : married/widowed,none,2,car or other,37,none,own,1,skilled employee/official,1,yes,yes,1
no checking account,48,critical account/other credits existing,furniture/equipment,1061,100 <= ... < 500 DM,... >= 7 years,4,male : single,none,2,unknown/no property,29,bank,rent,2,unemployed/unskilled - non-resident,1,no,yes,1
0 <= ... < 200 DM,24,no credits taken/all credits paid back duly,car (used),1830,500 <= ... < 1000 DM,1 <= ... < 4 years,2,male : married/widowed,co-applicant,2,car or other,41,none,own,1,skilled employee/official,1,no,no,1
... < 100 DM,18,existing credits paid back duly till now,furniture/equipment,10925,... < 100 DM,... >= 7 years,3,male : single,none,3,car or other,63,none,own,1,skilled employee/official,1,yes,yes,0
... < 100 DM,6,critical account/other credits existing,domestic appliances,778,unknown/no savings account,... >= 7 years,2,male : single,none,2,car or other,57,none,own,1,skilled employee/official,1,no,yes,1
no checking account,72,existing credits paid back duly till now,radio/television,2138,... < 100 DM,< 1 year,2,female : divorced/separated/married,co-applicant,2,car or other,19,none,own,2,skilled employee/official,1,yes,yes,0
... < 100 DM,18,no credits taken/all credits paid back duly,car (new),5554,500 <= ... < 1000 DM,... >= 7 years,3,female : divorced/separated/married,none,3,building society savings agreement/life insurance,19,none,own,1,skilled employee/official,2,no,yes,1
0 <= ... < 200 DM,6,existing credits paid back duly till now at this bank,furniture/equipment,3885,unknown/no savings account,... >= 7 years,4,male : married/widowed,none,4,car or other,51,none,own,1,skilled employee/official,1,no,yes,1
0 <= ... < 200 DM,36,existing credits paid back duly till now,domestic appliances,2453,... < 100 DM,1 <= ... < 4 years,2,male : single,none,1,unknown/no property,49,stores,rent,1,skilled employee/official,1,yes,yes,0
no checking account,24,delay in paying off in the past,domestic appliances,3354,... >= 1000 DM,< 1 year,2,male : single,none,4,building society savings agreement/life insurance,35,none,own,1,skilled employee/official,1,yes,yes,1
... < 100 DM,6,existing credits paid back duly till now,car (new),1985,... >= 1000 DM,< 1 year,2,female : divorced/separated/married,none,1,car or other,46,none,own,1,skilled employee/official,1,yes,yes,1
0 <= ... < 200 DM,36,existing credits paid back duly till now at this bank,radio/television,3034,... >= 1000 DM,< 1 year,3,male : single,none,4,real estate,38,none,own,1,skilled employee/official,2,yes,yes,1
0 <= ... < 200 DM,18,existing credits paid back duly till now,car (used),3063,100 <= ... < 500 DM,... >= 7 years,2,female : divorced/separated/married,none,2,unknown/no property,49,none,for free,2,unskilled - resident,1,yes,yes,1
no checking account,36,existing credits paid back duly till now,car (new),2492,100 <= ... < 500 DM,... >= 7 years,3,male : married/widowed,none,2,building society savings agreement/life insurance,33,none,own,1,skilled employee/official,1,yes,yes,1
no checking account,12,existing credits paid back duly till now,furniture/equipment,3317,unknown/no savings account,unemployed,3,male : single,none,2,real estate,19,none,own,1,skilled employee/official,1,no,yes,1
no checking account,12,no credits taken/all credits paid back duly,car (new),668,... < 100 DM,4 <= ... < 7 years,4,male : single,none,2,car or other,52,none,for free,2,management/self-employed/highly qualified employee/officer,1,no,yes,1
no checking account,48,existing credits paid back duly till now,car (used),7238,unknown/no savings account,< 1 year,2,male : single,none,3,building society savings agreement/life insurance,27,none,own,1,unskilled - resident,1,yes,yes,1
no checking account,48,delay in paying off in the past,car (used),2496,... < 100 DM,1 <= ... < 4 years,2,male : married/widowed,none,4,real estate,51,none,own,3,unskilled - resident,1,no,yes,1
0 <= ... < 200 DM,60,no credits taken/all credits paid back duly,radio/television,4366,... < 100 DM,4 <= ... < 7 years,2,female : divorced/separated/married,none,2,car or other,31,none,own,1,skilled employee/official,1,yes,yes,1
... < 100 DM,30,existing credits paid back duly till now,radio/television,2860,100 <= ... < 500 DM,4 <= ... < 7 years,3,female : divorced/separated/married,guarantor,3,building society savings agreement/life insurance,19,none,own,2,skilled employee/official,2,no,yes,0
no checking account,72,existing credits paid back duly till now,radio/television,2789,... < 100 DM,... >= 7 years,3,male : single,none,2,car or other,41,bank,own,2,skilled employee/official,1,yes,yes,1
... < 100 DM,12,delay in paying off in the past,car (used),1439,unknown/no savings account,4 <= ... < 7 years,3,male : single,none,2,car or other,43,none,own,1,unskilled - resident,1,yes,yes,0
0 <= ... < 200 DM,24,critical account/other credits existing,domestic appliances,7475,... < 100 DM,... >= 7 years,2,female : divorced/separated/married,guarantor,3,car or other,24,none,own,2,management/self-employed/highly qualified employee/officer,1,yes,yes,1
... < 100 DM,24,existing credits paid back duly till now,car (new),1401,100 <= ... < 500 DM,< 1 year,4,male : married/widowed,none,1,car or other,39,bank,rent,1,skilled employee/official,1,no,yes,0
no checking account,12,existing credits paid back duly till now,furniture/equipment,3574,... < 100 DM,4 <= ... < 7 years,1,female : divorced/separated/married,none,3,building society savings agreement/life insurance,53,none,for free,1,skilled employee/official,1,no,yes,1
no checking account,30,existing credits paid back duly till now,education,3835,100 <= ... < 500 DM,... >= 7 years,1,female : divorced/separated/married,none,3,unknown/no property,45,none,rent,1,skilled employee/official,1,yes,yes,1
0 <= ... < 200 DM,30,existing credits paid back duly till now,radio/television,3181,unknown/no savings account,... >= 7 years,2,male : single,none,2,building society savings agreement/life insurance,19,bank,rent,1,skilled employee/official,2,no,yes,0
0 <= ... < 200 DM,30,existing credits paid back duly till now,car (new),5125,... < 100 DM,1 <= ... < 4 years,2,male : single,none,2,unknown/no property,30,bank,own,2,unskilled - resident,1,no,yes,1
0 <= ... < 200 DM,18,existing credits paid back duly till now,furniture/equipment,1099,... < 100 DM,< 1 year,2,male : single,none,3,car or other,42,none,own,1,skilled employee/official,1,yes,no,1
0 <= ... < 200 DM,18,delay in paying off in the past,radio/television,1367,unknown/no savings account,1 <= ... < 4 years,4,male : single,none,2,real estate,19,none,own,1,skilled employee/official,1,no,yes,0
... < 100 DM,12,critical account/other credits existing,furniture/equipment,3559,... < 100 DM,< 1 year,2,female : divorced/separated/married,none,3,real estate,33,none,for free,1,skilled employee/official,1,no,yes,1
... < 100 DM,9,critical account/other credits existing,furniture/equipment,3242,unknown/no savings account,... >= 7 years,3,female : divorced/separated/married,none,3,car or other,29,none,rent,1,skilled employee/official,2,yes,yes,1
no checking account,60,critical account/other credits existing,radio/television,965,... < 100 DM,... >= 7 years,1,male : married/widowed,co-applicant,3,real estate,33,none,own,2,unskilled - resident,2,yes,yes,1
0 <= ... < 200 DM,6,existing credits paid back duly till now,radio/television,1397,... < 100 DM,unemployed,2,male : single,none,2,car or other,48,none,own,2,management/self-employed/highly qualified employee/officer,1,no,yes,0
no checking account,6,existing credits paid back duly till now,radio/television,1902,unknown/no savings account,... >= 7 years,2,male : single,none,2,unknown/no property,21,none,own,1,unskilled - resident,2,yes,yes,1
no checking account,12,existing credits paid back duly till now,car (new),1711,... >= 1000 DM,< 1 year,2,male : single,none,2,unknown/no property,38,none,own,1,management/self-employed/highly qualified employee/officer,2,no,yes,1
no checking account,72,existing credits paid back duly till now,furniture/equipment,2754,... >= 1000 DM,1 <= ... < 4 years,2,male : single,none,2,car or other,23,none,own,1,skilled employee/official,1,no,yes,1
no checking account,24,no credits taken/all credits paid back duly,business,1070,100 <= ... < 500 DM,4 <= ... < 7 years,3,male : single,co-applicant,2,building society savings agreement/life insurance,19,none,own,1,skilled employee/official,1,no,yes,1
no checking account,12,critical account/other credits existing,domestic appliances,1280,unknown/no savings account,... >= 7 years,3,male : single,none,3,car or other,38,none,own,2,skilled employee/official,1,no,yes,1
no checking account,12,existing credits paid back duly till now,car (new),1215,500 <= ... < 1000 DM,1 <= ... < 4 years,2,female : divorced/separated/married,none,2,car or other,36,none,own,1,skilled employee/official,1,yes,yes,1
... < 100 DM,12,critical account/other credits existing,furniture/equipment,4916,... < 100 DM,4 <= ... < 7 years,4,male : single,none,4,unknown/no property,44,none,for free,2,skilled employee/official,2,yes,yes,1
>= 200 DM / salary assignments,42,existing credits paid back duly till now,domestic appliances,365,... < 100 DM,... >= 7 years,3,female : divorced/separated/married,none,2,building society savings agreement/life insurance,35,none,own,2,management/self-employed/highly qualified employee/officer,1,no,yes,1
no checking account,24,existing credits paid back duly till now,furniture/equipment,6338,... < 100 DM,unemployed,2,female : divorced/separated/married,none,2,unknown/no property,46,bank,own,2,skilled employee/official,1,no,yes,0
... < 100 DM,36,existing credits paid back duly till now,domestic appliances,2233,unknown/no savings account,1 <= ... < 4 years,4,male : divorced/separated,none,2,building society savings agreement/life insurance,40,none,own,1,skilled employee/official,2,yes,yes,0
no checking account,36,delay in paying off in the past,car (new),5608,... < 100 DM,4 <= ... < 7 years,4,female : divorced/separated/married,none,3,car or other,34,none,own,2,unskilled - resident,1,yes,yes,1
no checking account,9,existing credits paid back duly till now,domestic appliances,1335,unknown/no savings account,... >= 7 years,4,female : divorced/separated/married,none,1,real estate,37,none,own,1,skilled employee/official,1,yes,yes,1
0 <= ... < 200 DM,60,delay in paying off in the past,car (used),1936,... < 100 DM,... >= 7 years,3,male : single,none,2,real estate,45,stores,own,3,unskilled - resident,1,no,yes,0
0 <= ... < 200 DM,24,existing credits paid back duly till now,furniture/equipment,3083,... < 100 DM,... >= 7 years,3,female : divorced/separated/married,none,3,building society savings agreement/life insurance,38,none,own,1,management/self-employed/highly qualified employee/officer,1,no,yes,1
0 <= ... < 200 DM,48,existing credits paid back duly till now,radio/television,2151,unknown/no savings account,1 <= ... < 4 years,2,male : married/widowed,none,3,real estate,48,none,for free,1,unemployed/unskilled - non-resident,1,no,yes,0
no checking account,21,existing credits paid back duly till now,business,2545,... < 100 DM,... >= 7 years,2,male : single,none,2,real estate,40,none,for free,1,skilled employee/official,1,no,yes,1
0 <= ... < 200 DM,24,existing credits paid back duly till now,furniture/equipment,2571,unknown/no savings account,1 <= ... < 4 years,4,male : single,none,2,real estate,40,none,rent,2,skilled employee/official,1,no,yes,1
... < 100 DM,42,delay in paying off in the past,furniture/equipment,1606,... < 100 DM,... >= 7 years,3,male : single,none,1,real estate,19,none,own,1,skilled employee/official,2,no,yes,0
0 <= ... < 200 DM,12,existing credits paid back duly till now,radio/television,1894,... < 100 DM,< 1 year,2,male : single,none,2,real estate,31,none,rent,2,skilled employee/official,2,no,yes,1
0 <= ... < 200 DM,15,existing credits paid back duly till now at this bank,retraining,1937,... < 100 DM,4 <= ... < 7 years,2,male : single,none,3,real estate,27,none,rent,1,management/self-employed/highly qualified employee/officer,1,yes,yes,1
... < 100 DM,30,existing credits paid back duly till now at this bank,radio/television,4466,... < 100 DM,unemployed,1,female : divorced/separated/married,none,4,building society savings agreement/life insurance,45,none,rent,1,unskilled - resident,2,yes,yes,1
0 <= ... < 200 DM,12,critical account/other credits existing,radio/television,2201,... < 100 DM,4 <= ... < 7 years,2,male : divorced/separated,none,4,building society savings agreement/life insurance,19,bank,own,2,skilled employee/official,1,no,yes,1
... < 100 DM,48,existing credits paid back duly till now,car (new),2376,... < 100 DM,< 1 year,2,male : single,none,2,building society savings agreement/life insurance,31,none,for free,3,skilled employee/official,2,no,yes,0
no checking account,54,critical account/other credits existing,car (new),1037,100 <= ... < 500 DM,1 <= ... < 4 years,3,female : divorced/separated/married,none,4,real estate,62,none,for free,2,skilled employee/official,1,yes,yes,1
no checking account,48,critical account/other credits existing,car (new),1454,... < 100 DM,... >= 7 years,2,female : divorced/separated/married,none,4,unknown/no property,41,none,own,1,management/self-employed/highly qualified employee/officer,1,no,yes,1
0 <= ... < 200 DM,60,critical account/other credits existing,domestic appliances,2588,... < 100 DM,< 1 year,3,male : single,none,2,unknown/no property,39,bank,own,1,management/self-employed/highly qualified employee/officer,1,yes,yes,1
0 <= ... < 200 DM,18,existing credits paid back duly till now at this bank,car (new),1897,... < 100 DM,... >= 7 years,2,male : single,none,4,unknown/no property,35,none,own,2,unskilled - resident,1,no,yes,1
0 <= ... < 200 DM,12,delay in paying off in the past,car (new),3224,... < 100 DM,< 1 year,1,male : single,none,2,car or other,26,none,for free,1,skilled employee/official,1,yes,yes,0
no checking account,48,existing credits paid back duly till now,car (used),1480,... < 100 DM,... >= 7 years,2,female : divorced/separated/married,co-applicant,2,real estate,27,none,own,2,unskilled - resident,2,no,yes,1
... < 100 DM,18,critical account/other credits existing,domestic appliances,2589,500 <= ... < 1000 DM,1 <= ... < 4 years,2,male : married/widowed,none,3,car or other,52,none,own,1,skilled employee/official,1,yes,yes,1
0 <= ... < 200 DM,12,existing credits paid back duly till now,radio/television,2178,... < 100 DM,... >= 7 years,1,female : divorced/separated/married,none,3,unknown/no property,26,none,rent,2,skilled employee/official,2,no,yes,1
>= 200 DM / salary assignments,24,delay in paying off in the past,radio/television,3411,... < 100 DM,... >= 7 years,2,male : single,guarantor,2,building society savings agreement/life insurance,48,bank,rent,1,skilled employee/official,1,yes,yes,0
no checking account,36,existing credits paid back duly till now,car (new),1789,... < 100 DM,1 <= ... < 4 years,2,male : married/widowed,none,2,real estate,24,stores,own,2,management/self-employed/highly qualified employee/officer,1,yes,yes,1
no checking account,21,existing credits paid back duly till now,car (used),4457,... < 100 DM,1 <= ... < 4 years,2,female : divorced/separated/married,none,2,building society savings agreement/life insurance,51,none,own,1,skilled employee/official,2,no,yes,0
... < 100 DM,36,existing credits paid back duly till now at this bank,car (new),2506,... < 100 DM,< 1 year,3,female : divorced/separated/married,none,3,car or other,27,none,rent,2,skilled employee/official,1,no,yes,0
no checking account,12,delay in paying off in the past,car (used),2649,... < 100 DM,4 <= ... < 7 years,2,female : divorced/separated/married,none,1,building society savings agreement/life insurance,32,none,own,1,skilled employee/official,2,yes,yes,1
no checking account,15,delay in paying off in the past,business,2872,unknown/no savings account,... >= 7 years,2,male : single,none,2,building society savings agreement/life insurance,39,bank,rent,1,skilled employee/official,1,yes,yes,0
no checking account,36,no credits taken/all credits paid back duly,radio/television,1637,... < 100 DM,< 1 year,2,female : divorced/separated/married,none,2,real estate,26,none,own,1,skilled employee/official,1,yes,yes,1
0 <= ... < 200 DM,36,critical account/other credits existing,car (used),2080,100 <= ... < 500 DM,1 <= ... < 4 years,3,male : divorced/separated,co-applicant,3,real estate,63,stores,own,2,skilled employee/official,2,no,yes,1
... < 100 DM,18,existing credits paid back duly till now,radio/television,5721,... < 100 DM,1 <= ... < 4 years,4,female : divorced/separated/married,none,3,real estate,48,none,own,1,skilled employee/official,1,no,yes,0
... < 100 DM,24,existing credits paid back duly till now,radio/television,1411,... < 100 DM,... >= 7 years,4,male : single,none,3,unknown/no property,39,none,rent,2,skilled employee/official,1,yes,yes,1
0 <= ... < 200 DM,24,existing credits paid back duly till now,radio/television,1551,... < 100 DM,< 1 year,3,male : divorced/separated,none,3,building society savings agreement/life insurance,21,none,rent,1,skilled employee/official,1,no,yes,1
no checking account,42,no credits taken/all credits paid back duly,car (new),2170,... < 100 DM,1 <= ... < 4 years,3,female : divorced/separated/married,none,1,real estate,25,bank,own,1,skilled employee/official,1,yes,yes,1
0 <= ... < 200 DM,24,existing credits paid back duly till now at this bank,radio/television,3899,unknown/no savings account,... >= 7 years,3,male : single,none,3,unknown/no property,31,none,own,2,skilled employee/official,1,yes,yes,1
... < 100 DM,15,existing credits paid back duly till now,business,2478,... < 100 DM,1 <= ... < 4 years,3,male : single,co-applicant,3,car or other,39,none,rent,1,skilled employee/official,1,yes,yes,0
... < 100 DM,12,existing credits paid back duly till now at this bank,radio/television,1791,unknown/no savings account,... >= 7 years,4,female : divorced/separated/married,none,3,unknown/no property,42,none,rent,1,skilled employee/official,1,yes,yes,0
no checking account,12,existing credits paid back duly till now at this bank,domestic appliances,934,... < 100 DM,1 <= ... < 4 years,4,male : single,none,1,car or other,28,none,for free,2,skilled employee/official,1,yes,yes,1
... < 100 DM,21,existing credits paid back duly till now at this bank,radio/television,1955,... < 100 DM,4 <= ... < 7 years,3,female : divorced/separated/married,none,3,car or other,44,bank,own,2,skilled employee/official,1,no,yes,0
... < 100 DM,21,critical account/other credits existing,business,3575,unknown/no savings account,unemployed,2,male : single,guarantor,1,real estate,38,none,own,1,skilled employee/official,1,no,yes,0
>= 200 DM / salary assignments,12,existing credits paid back duly till now at this bank,radio/television,825,... < 100 DM,1 <= ... < 4 years,2,female : divorced/separated/married,none,2,real estate,19,none,own,3,skilled employee/official,1,no,yes,1
no checking account,24,critical account/other credits existing,domestic appliances,4305,... < 100 DM,1 <= ... < 4 years,1,male : married/widowed,none,4,real estate,33,none,own,1,skilled employee/official,1,no,yes,1
no checking account,24,critical account/other credits existing,car (used),1501,... < 100 DM,... >= 7 years,3,male : single,none,4,car or other,31,none,for free,1,unskilled - resident,1,yes,yes,1
no checking account,42,existing credits paid back duly till now,radio/television,5174,... < 100 DM,4 <= ... < 7 years,3,male : single,none,3,real estate,26,bank,own,1,skilled employee/official,1,yes,yes,1
... < 100 DM,18,critical account/other credits existing,furniture/equipment,1953,unknown/no savings account,... >= 7 years,3,male : single,none,2,car or other,50,none,own,1,management/self-employed/highly qualified employee/officer,1,no,yes,0
>= 200 DM / salary assignments,12,delay in paying off in the past,car (new),1438,... < 100 DM,4 <= ... < 7 years,4,male : single,none,3,real estate,52,bank,rent,1,unskilled - resident,1,no,yes,0
>= 200 DM / salary assignments,24,delay in paying off in the past,domestic appliances,831,... >= 1000 DM,unemployed,2,female : divorced/separated/married,none,3,car or other,52,none,own,4,skilled employee/official,1,no,yes,0
0 <= ... < 200 DM,18,critical account/other credits existing,radio/television,4605,unknown/no savings account,1 <= ... < 4 years,2,male : single,none,2,car or other,21,none,own,2,skilled employee/official,1,yes,yes,0
... < 100 DM,6,existing credits paid back duly till now,car (new),1699,100 <= ... < 500 DM,... >= 7 years,4,female : divorced/separated/married,none,1,building society savings agreement/life insurance,27,none,own,2,skilled employee/official,1,no,yes,1
no checking account,42,existing credits paid back duly till now,car (new),1673,... >= 1000 DM,1 <= ... < 4 years,3,male : single,none,2,car or other,24,none,rent,1,skilled employee/official,1,no,yes,1
no checking account,24,existing credits paid back duly till now at this bank,car (used),2143,... < 100 DM,4 <= ... < 7 years,3,male : single,none,2,car or other,19,none,rent,1,skilled employee/official,1,no,yes,1
... < 100 DM,21,existing credits paid back duly till now,car (used),5508,unknown/no savings account,< 1 year,2,male : single,none,4,real estate,22,none,rent,2,skilled employee/official,1,yes,yes,1
no checking account,30,existing credits paid back duly till now,radio/television,3388,unknown/no savings account,4 <= ... < 7 years,2,male : single,none,1,car or other,32,none,for free,1,unskilled - resident,1,yes,yes,1
0 <= ... < 200 DM,18,delay in paying off in the past,radio/television,921,... < 100 DM,1 <= ... < 4 years,2,female : divorced/separated/married,none,3,unknown/no property,23,none,for free,1,skilled employee/official,2,no,yes,0
no checking account,9,existing credits paid back duly till now,domestic appliances,2674,100 <= ... < 500 DM,1 <= ... < 4 years,3,male : single,none,3,car or other,51,bank,own,1,unskilled - resident,1,no,yes,1
0 <= ... < 200 DM,24,existing credits paid back duly till now,car (new),931,... >= 1000 DM,... >= 7 years,2,male : single,none,2,real estate,27,none,for free,3,management/self-employed/highly qualified employee/officer,1,no,yes,1
... < 100 DM,12,existing credits paid back duly till now,furniture/equipment,1859,... < 100 DM,... >= 7 years,4,female : divorced/separated/married,none,2,unknown/no property,26,bank,for free,1,unskilled - resident,1,no,yes,0
0 <= ... < 200 DM,6,delay in paying off in the past,car (new),3626,unknown/no savings account,1 <= ... < 4 years,2,male : single,none,1,building society savings agreement/life insurance,48,none,own,2,skilled employee/official,1,no,yes,1
0 <= ... < 200 DM,36,existing credits paid back duly till now,repairs,5753,... < 100 DM,... >= 7 years,2,male : single,none,3,car or other,40,none,own,1,skilled employee/official,1,no,yes,1
... < 100 DM,60,existing credits paid back duly till now,domestic appliances,2656,... < 100 DM,4 <= ... < 7 years,3,male : single,none,3,building society savings agreement/life insurance,26,stores,own,1,management/self-employed/highly qualified employee/officer,1,yes,yes,0
no checking account,18,existing credits paid back duly till now,car (used),4391,... >= 1000 DM,< 1 year,2,female : divorced/separated/married,none,1,real estate,34,none,own,2,skilled employee/official,1,yes,yes,1
0 <= ... < 200 DM,36,existing credits paid back duly till now,car (new),3171,... < 100 DM,1 <= ... < 4 years,4,female : divorced/separated/married,none,2,unknown/no property,25,none,rent,1,skilled employee/official,1,no,yes,0
no checking account,18,existing credits paid back duly till now,car (new),3587,... < 100 DM,1 <= ... < 4 years,2,male : single,none,3,car or other,31,none,own,1,skilled employee/official,2,yes,yes,1
no checking account,30,existing credits paid back duly till now,radio/television,2235,100 <= ... < 500 DM,< 1 year,3,male : divorced/separated,none,3,real estate,36,bank,rent,1,skilled employee/official,1,no,yes,1
no checking account,18,existing credits paid back duly till now,furniture/equipment,3063,unknown/no savings account,1 <= ... < 4 years,2,female : divorced/separated/married,guarantor,2,real estate,33,none,own,1,skilled employee/official,2,yes,yes,1
no checking account,6,existing credits paid back duly till now,furniture/equipment,5315,... < 100 DM,... >= 7 years,4,male : single,none,1,car or other,29,none,rent,2,skilled employee/official,1,no,yes,1
>= 200 DM / salary assignments,6,existing credits paid back duly till now at this bank,furniture/equipment,772,unknown/no savings account,... >= 7 years,3,male : single,none,3,unknown/no property,32,none,for free,2,unemployed/unskilled - non-resident,1,no,yes,0
0 <= ... < 200 DM,12,existing credits paid back duly till now,vacation,3791,500 <= ... < 1000 DM,... >= 7 years,1,male : single,none,1,real estate,36,none,own,2,skilled employee/official,1,no,yes,1
no checking account,18,existing credits paid back duly till now,domestic appliances,975,500 <= ... < 1000 DM,< 1 year,2,male : single,none,3,unknown/no property,47,none,own,3,skilled employee/official,1,no,yes,1
no checking account,18,critical account/other credits existing,car (new),1029,... < 100 DM,1 <= ... < 4 years,3,male : single,none,2,unknown/no property,36,none,own,2,skilled employee/official,1,yes,yes,1
no checking account,6,no credits taken/all credits paid back duly,furniture/equipment,1445,... < 100 DM,1 <= ... < 4 years,3,male : single,none,4,car or other,35,bank,own,1,skilled employee/official,1,no,yes,1
0 <= ... < 200 DM,72,critical account/other credits existing,education,1451,... < 100 DM,< 1 year,1,female : divorced/separated/married,none,2,real estate,47,none,own,1,skilled employee/official,1,no,yes,1
no checking account,24,existing credits paid back duly till now,other,5680,unknown/no savings account,1 <= ... < 4 years,4,male : single,none,3,unknown/no property,44,none,own,1,management/self-employed/highly qualified employee/officer,1,yes,yes,1
... < 100 DM,24,existing credits paid back duly till now,car (new),686,100 <= ... < 500 DM,1 <= ... < 4 years,2,male : married/widowed,none,2,real estate,30,none,own,2,skilled employee/official,1,no,yes,0
no checking account,24,existing credits paid back duly till now,domestic appliances,2621,500 <= ... < 1000 DM,4 <= ... < 7 years,2,female : divorced/separated/married,none,1,real estate,39,stores,own,1,skilled employee/official,1,yes,yes,1
no checking account,24,existing credits paid back duly till now,business,7140,... < 100 DM,... >= 7 years,2,male : single,co-applicant,1,car or other,19,none,own,1,unskilled - resident,2,no,yes,1
no checking account,48,existing credits paid back duly till now,car (new),2061,... < 100 DM,< 1 year,1,male : single,co-applicant,3,real estate,51,bank,for free,1,unskilled - resident,1,no,no,1
0 <= ... < 200 DM,12,critical account/other credits existing,car (used),2122,... < 100 DM,1 <= ... < 4 years,2,male : single,none,1,building society savings agreement/life insurance,56,bank,own,3,unskilled - resident,1,yes,no,1
>= 200 DM / salary assignments,48,critical account/other credits existing,car (new),763,unknown/no savings account,1 <= ... < 4 years,2,female : divorced/separated/married,none,3,real estate,31,none,for free,1,skilled employee/official,1,no,yes,0
0 <= ... < 200 DM,18,existing credits paid back duly till now,radio/television,2738,... < 100 DM,< 1 year,2,male : single,none,4,car or other,35,none,own,2,skilled employee/official,1,no,yes,0
0 <= ... < 200 DM,36,existing credits paid back duly till now,furniture/equipment,1345,... < 100 DM,... >= 7 years,1,male : single,none,2,unknown/no property,50,none,own,1,skilled employee/official,1,no,yes,1
0 <= ... < 200 DM,36,existing credits paid back duly till now at this bank,car (new),9488,unknown/no savings account,... >= 7 years,2,male : single,none,2,building society savings agreement/life insurance,19,none,own,1,management/self-employed/highly qualified employee/officer,1,yes,yes,0
no checking account,12,existing credits paid back duly till now at this bank,car (new),1041,500 <= ... < 1000 DM,4 <= ... < 7 years,4,male : single,none,3,real estate,39,none,own,3,skilled employee/official,1,yes,yes,1
0 <= ... < 200 DM,24,existing credits paid back duly till now,radio/television,1895,... < 100 DM,... >= 7 years,3,female : divorced/separated/married,none,3,unknown/no property,48,none,own,1,skilled employee/official,2,yes,yes,0
0 <= ... < 200 DM,72,existing credits paid back duly till now,education,941,... < 100 DM,4 <= ... < 7 years,3,female : divorced/separated/married,none,1,building society savings agreement/life insurance,48,none,own,1,skilled employee/official,1,no,yes,1
no checking account,18,existing credits paid back duly till now at this bank,furniture/equipment,4039,500 <= ... < 1000 DM,< 1 year,1,female : divorced/separated/married,none,2,car or other,44,none,rent,2,skilled employee/official,1,yes,yes,1
0 <= ... < 200 DM,4,critical account/other credits existing,radio/television,2692,... < 100 DM,1 <= ... < 4 years,2,male : single,none,2,car or other,40,none,for free,1,skilled employee/official,1,yes,yes,1
0 <= ... < 200 DM,30,existing credits paid back duly till now at this bank,radio/television,767,... >= 1000 DM,1 <= ... < 4 years,2,female : divorced/separated/married,none,1,building society savings agreement/life insurance,22,none,own,1,skilled employee/official,1,no,yes,1
no checking account,12,existing credits paid back duly till now,car (new),2611,unknown/no savings account,... >= 7 years,2,male : single,none,3,car or other,32,bank,own,1,skilled employee/official,1,no,yes,1
0 <= ... < 200 DM,60,no credits taken/all credits paid back duly,furniture/equipment,2029,... < 100 DM,1 <= ... < 4 years,4,male : single,none,2,building society savings agreement/life insurance,54,none,own,1,unskilled - resident,1,yes,yes,1
0 <= ... < 200 DM,12,existing credits paid back duly till now,education,2808,... < 100 DM,1 <= ... < 4 years,3,male : divorced/separated,none,1,real estate,22,none,for free,1,skilled employee/official,1,yes,yes,1
>= 200 DM / salary assignments,12,existing credits paid back duly till now,radio/television,2508,... < 100 DM,... >= 7 years,3,male : single,none,3,building society savings agreement/life insurance,43,none,rent,1,skilled employee/official,1,yes,yes,0
... < 100 DM,72,existing credits paid back duly till now,radio/television,2119,... < 100 DM,... >= 7 years,4,male : single,none,2,building society savings agreement/life insurance,41,none,rent,1,unskilled - resident,1,yes,yes,0
0 <= ... < 200 DM,36,critical account/other credits existing,business,4286,unknown/no savings account,< 1 year,4,male : single,none,3,unknown/no property,52,bank,own,1,skilled employee/official,1,no,yes,1
0 <= ... < 200 DM,24,existing credits paid back duly till now,radio/television,8051,unknown/no savings account,< 1 year,2,female : divorced/separated/married,none,4,car or other,44,none,own,2,skilled employee/official,1,no,yes,0
0 <= ... < 200 DM,9,existing credits paid back duly till now,car (new),2827,... < 100 DM,< 1 year,3,male : single,none,3,real estate,48,none,for free,2,skilled employee/official,1,yes,yes,1
... < 100 DM,42,existing credits paid back duly till now,radio/television,3547,... < 100 DM,... >= 7 years,2,male : single,none,4,building society savings agreement/life insurance,35,bank,for free,1,skilled employee/official,2,yes,yes,1
0 <= ... < 200 DM,48,delay in paying off in the past,radio/television,7310,unknown/no savings account,1 <= ... < 4 years,4,male : single,none,1,real estate,23,none,own,1,skilled employee/official,1,yes,yes,0
no checking account,48,existing credits paid back duly till now at this bank,radio/television,5399,500 <= ... < 1000 DM,< 1 year,3,male : single,none,4,unknown/no property,28,none,own,1,unemployed/unskilled - non-resident,1,no,yes,1
>= 200 DM / salary assignments,12,existing credits paid back duly till now,radio/television,3546,... < 100 DM,... >= 7 years,3,male : single,none,2,car or other,47,bank,own,1,skilled employee/official,1,no,yes,1
no checking account,24,existing credits paid back duly till now,car (new),402,... >= 1000 DM,1 <= ... < 4 years,3,male : single,none,3,real estate,19,none,own,2,skilled employee/official,1,yes,yes,1
... < 100 DM,24,existing credits paid back duly till now,radio/television,2774,... >= 1000 DM,< 1 year,3,male : single,none,2,car or other,34,bank,own,2,unskilled - resident,1,no,yes,0
... < 100 DM,12,existing credits paid back duly till now at this bank,education,1015,... < 100 DM,< 1 year,1,female : divorced/separated/married,none,3,car or other,41,none,rent,2,skilled employee/official,1,no,yes,1
... < 100 DM,54,existing credits paid back duly till now,furniture/equipment,7248,100 <= ... < 500 DM,unemployed,4,female : divorced/separated/married,none,3,real estate,51,none,own,3,management/self-employed/highly qualified employee/officer,2,no,yes,0
... < 100 DM,48,critical account/other credits existing,furniture/equipment,5031,100 <= ... < 500 DM,1 <= ... < 4 years,4,male : divorced/separated,none,3,unknown/no property,39,bank,own,3,management/self-employed/highly qualified employee/officer,1,yes,yes,0
no checking account,48,delay in paying off in the past,radio/television,2092,500 <= ... < 1000 DM,... >= 7 years,3,male : married/widowed,co-applicant,3,real estate,38,none,own,1,skilled employee/official,1,no,yes,1
>= 200 DM / salary assignments,6,existing credits paid back duly till now,retraining,792,... < 100 DM,4 <= ... < 7 years,3,female : divorced/separated/married,none,2,real estate,19,none,rent,3,management/self-employed/highly qualified employee/officer,1,yes,yes,1
no checking account,4,existing credits paid back duly till now at this bank,radio/television,1167,... < 100 DM,unemployed,3,male : single,none,3,unknown/no property,23,none,rent,2,management/self-employed/highly qualified employee/officer,1,no,yes,1
no checking account,48,delay in paying off in the past,radio/television,1076,... < 100 DM,4 <= ... < 7 years,1,female : divorced/separated/married,none,3,car or other,56,none,own,2,skilled employee/official,2,no,yes,1
>= 200 DM / salary assignments,72,critical account/other credits existing,car (new),875,500 <= ... < 1000 DM,1 <= ... < 4 years,3,male : single,none,1,real estate,52,none,own,4,skilled employee/official,1,yes,yes,1
... < 100 DM,9,no credits taken/all credits paid back duly,radio/television,1750,... < 100 DM,4 <= ... < 7 years,2,female : divorced/separated/married,none,2,unknown/no property,24,bank,own,1,unskilled - resident,2,no,yes,0
no checking account,30,existing credits paid back duly till now,domestic appliances,1661,... < 100 DM,... >= 7 years,2,male : single,none,2,building society savings agreement/life insurance,44,stores,own,1,skilled employee/official,1,yes,no,1
0 <= ... < 200 DM,18,existing credits paid back duly till now at this bank,car (used),1031,... < 100 DM,< 1 year,2,male : single,none,3,real estate,23,none,own,1,skilled employee/official,1,yes,yes,1
0 <= ... < 200 DM,36,existing credits paid back duly till now,radio/television,2016,500 <= ... < 1000 DM,... >= 7 years,3,male : single,none,2,real estate,24,bank,own,1,skilled employee/official,1,yes,yes,1
... < 100 DM,18,no credits taken/all credits paid back duly,car (new),3596,... >= 1000 DM,... >= 7 years,2,male : single,none,1,car or other,24,none,rent,1,skilled employee/official,2,yes,yes,0
no checking account,24,existing credits paid back duly till now,radio/television,3450,... < 100 DM,1 <= ... < 4 years,4,male : divorced/separated,none,1,building society savings agreement/life insurance,24,none,own,2,skilled employee/official,1,no,yes,1
0 <= ... < 200 DM,72,no credits taken/all credits paid back duly,car (new),1702,... < 100 DM,unemployed,1,male : married/widowed,none,4,real estate,28,none,own,2,unskilled - resident,1,yes,yes,1
... < 100 DM,24,delay in paying off in the past,domestic appliances,2124,... < 100 DM,1 <= ... < 4 years,1,male : single,none,4,building society savings agreement/life insurance,38,none,own,1,management/self-employed/highly qualified employee/officer,1,yes,yes,0
0 <= ... < 200 DM,42,existing credits paid back duly till now at this bank,car (used),2887,... >= 1000 DM,4 <= ... < 7 years,4,male : single,none,3,car or other,37,none,own,1,unskilled - resident,1,no,yes,1
no checking account,72,no credits taken/all credits paid back duly,furniture/equipment,1974,... < 100 DM,1 <= ... < 4 years,2,male : married/widowed,none,3,real estate,45,none,own,2,skilled employee/official,1,yes,yes,1
... < 100 DM,18,critical account/other credits existing,car (new),2578,... < 100 DM,1 <= ... < 4 years,3,male : single,none,1,real estate,33,none,own,1,skilled employee/official,1,yes,yes,1
no checking account,48,critical account/other credits existing,business,1634,... < 100 DM,< 1 year,4,female : divorced/separated/married,none,1,car or other,36,none,own,2,skilled employee/official,1,yes,yes,1
... < 100 DM,6,existing credits paid back duly till now,radio/television,636,... < 100 DM,... >= 7 years,2,female : divorced/separated/married,none,2,unknown/no property,32,none,own,1,unskilled - resident,1,yes,yes,1
0 <= ... < 200 DM,12,existing credits paid back duly till now,domestic appliances,1448,unknown/no savings account,1 <= ... < 4 years,1,male : single,none,4,real estate,36,none,rent,2,management/self-employed/highly qualified employee/officer,1,no,no,1
0 <= ... < 200 DM,48,existing credits paid back duly till now,car (used),1526,... < 100 DM,< 1 year,2,male : single,guarantor,2,car or other,20,none,own,1,skilled employee/official,1,no,yes,1
... < 100 DM,30,existing credits paid back duly till now,furniture/equipment,1094,... < 100 DM,4 <= ... < 7 years,4,female : divorced/separated/married,none,2,car or other,19,none,rent,2,management/self-employed/highly qualified employee/officer,2,yes,yes,0
0 <= ... < 200 DM,12,existing credits paid back duly till now,furniture/equipment,1591,500 <= ... < 1000 DM,4 <= ... < 7 years,1,male : divorced/separated,none,4,car or other,19,none,own,1,skilled employee/official,1,no,yes,1
... < 100 DM,48,existing credits paid back duly till now at this bank,repairs,2735,500 <= ... < 1000 DM,1 <= ... < 4 years,3,male : single,none,3,car or other,31,none,for free,1,skilled employee/official,1,no,yes,0
... < 100 DM,15,no credits taken/all credits paid back duly,furniture/equipment,2063,100 <= ... < 500 DM,unemployed,1,male : single,none,3,building society savings agreement/life insurance,28,none,for free,2,management/self-employed/highly qualified employee/officer,1,no,yes,0
no checking account,24,critical account/other credits existing,car (new),905,unknown/no savings account,1 <= ... < 4 years,3,male : single,none,3,real estate,32,stores,rent,1,skilled employee/official,1,yes,yes,1
no checking account,24,existing credits paid back duly till now,domestic appliances,886,unknown/no savings account,1 <= ... < 4 years,4,male : divorced/separated,none,2,building society savings agreement/life insurance,21,none,own,1,skilled employee/official,1,no,yes,1
0 <= ... < 200 DM,18,existing credits paid back duly till now,furniture/equipment,3507,500 <= ... < 1000 DM,4 <= ... < 7 years,2,male : single,none,2,unknown/no property,32,none,for free,2,skilled employee/official,1,no,yes,1
... < 100 DM,24,existing credits paid back duly till now,car (new),4260,... < 100 DM,1 <= ... < 4 years,1,male : single,none,2,building society savings agreement/life insurance,19,none,own,1,skilled employee/official,1,no,yes,0
0 <= ... < 200 DM,24,existing credits paid back duly till now,car (new),2529,500 <= ... < 1000 DM,4 <= ... < 7 years,3,male : single,none,2,unknown/no property,33,none,rent,2,skilled employee/official,1,yes,yes,0
no checking account,24,existing credits paid back duly till now,car (new),4152,100 <= ... < 500 DM,... >= 7 years,1,female : divorced/separated/married,none,2,car or other,36,none,rent,1,management/self-employed/highly qualified employee/officer,1,yes,yes,1
0 <= ... < 200 DM,36,existing credits paid back duly till now,furniture/equipment,2421,... < 100 DM,4 <= ... < 7 years,3,male : single,none,4,unknown/no property,40,none,for free,2,skilled employee/official,1,no,yes,1
... < 100 DM,18,existing credits paid back duly till now at this bank,furniture/equipment,2065,... < 100 DM,1 <= ... < 4 years,2,male : single,none,2,unknown/no property,41,bank,for free,1,skilled employee/official,1,yes,yes,0
0 <= ... < 200 DM,9,existing credits paid back duly till now,business,1596,unknown/no savings account,... >= 7 years,3,male : divorced/separated,none,3,unknown/no property,19,none,own,1,skilled employee/official,1,yes,yes,1
... < 100 DM,18,existing credits paid back duly till now,furniture/equipment,2741,... >= 1000 DM,< 1 year,3,male : single,none,3,building society savings agreement/life insurance,39,none,own,1,unskilled - resident,2,no,yes,0
... < 100 DM,24,existing credits paid back duly till now,radio/television,969,... < 100 DM,4 <= ... < 7 years,4,male : single,none,4,unknown/no property,44,none,own,2,unskilled - resident,1,yes,yes,0
... < 100 DM,12,no credits taken/all credits paid back duly,furniture/equipment,1778,500 <= ... < 1000 DM,4 <= ... < 7 years,3,female : divorced/separated/married,none,2,real estate,39,none,rent,2,management/self-employed/highly qualified employee/officer,1,no,yes,0
... < 100 DM,12,no credits taken/all credits paid back duly,radio/television,4261,... < 100 DM,< 1 year,2,female : divorced/separated/married,none,1,car or other,42,none,own,2,unskilled - resident,1,no,yes,1
... < 100 DM,36,no credits taken/all credits paid back duly,retraining,4436,... < 100 DM,1 <= ... < 4 years,3,male : divorced/separated,none,2,car or other,22,none,own,2,skilled employee/official,1,no,yes,1
0 <= ... < 200 DM,24,critical account/other credits existing,radio/television,3842,500 <= ... < 1000 DM,4 <= ... < 7 years,1,male : single,none,3,building society savings agreement/life insurance,43,none,rent,2,skilled employee/official,1,no,yes,1
... < 100 DM,36,existing credits paid back duly till now,car (new),1157,... < 100 DM,< 1 year,3,male : single,none,2,building society savings agreement/life insurance,46,none,own,1,skilled employee/official,1,yes,yes,1
>= 200 DM / salary assignments,18,delay in paying off in the past,domestic appliances,11759,... < 100 DM,< 1 year,2,male : single,none,2,car or other,53,bank,own,1,skilled employee/official,2,no,yes,0
no checking account,18,existing credits paid back duly till now at this bank,radio/television,6422,... < 100 DM,< 1 year,3,male : married/widowed,none,3,car or other,19,none,own,2,management/self-employed/highly qualified employee/officer,1,yes,yes,1
>= 200 DM / salary assignments,12,existing credits paid back duly till now,business,1901,100 <= ... < 500 DM,1 <= ... < 4 years,4,male : single,none,2,car or other,35,none,own,1,skilled employee/official,1,no,yes,0
no checking account,18,existing credits paid back duly till now,car (new),1794,... >= 1000 DM,... >= 7 years,2,female : divorced/separated/married,none,3,building society savings agreement/life insurance,27,none,rent,1,skilled employee/official,1,yes,yes,1
no checking account,18,existing credits paid back duly till now,radio/television,2872,100 <= ... < 500 DM,1 <= ... < 4 years,2,male : single,none,3,real estate,35,none,for free,1,management/self-employed/highly qualified employee/officer,1,yes,yes,1
no checking account,24,existing credits paid back duly till now,radio/television,3030,... < 100 DM,unemployed,1,male : single,co-applicant,1,car or other,38,none,own,1,management/self-employed/highly qualified employee/officer,1,yes,yes,0
no checking account,48,existing credits paid back duly till now,furniture/equipment,934,unknown/no savings account,1 <= ... < 4 years,3,male : single,none,4,building society savings agreement/life insurance,28,none,own,1,skilled employee/official,2,no,yes,0
0 <= ... < 200 DM,30,existing credits paid back duly till now,repairs,2647,500 <= ... < 1000 DM,< 1 year,4,male : single,none,3,building society savings agreement/life insurance,26,bank,rent,2,management/self-employed/highly qualified employee/officer,1,no,no,0
>= 200 DM / salary assignments,18,existing credits paid back duly till now,furniture/equipment,3810,100 <= ... < 500 DM,1 <= ... < 4 years,3,female : divorced/separated/married,none,2,car or other,30,none,own,1,management/self-employed/highly qualified employee/officer,1,no,yes,1
0 <= ... < 200 DM,30,delay in paying off in the past,furniture/equipment,4191,... < 100 DM,4 <= ... < 7 years,2,male : single,none,3,building society savings agreement/life insurance,34,none,own,1,skilled employee/official,1,no,yes,0
>= 200 DM / salary assignments,18,existing credits paid back duly till now,domestic appliances,2514,... < 100 DM,... >= 7 years,2,male : married/widowed,none,3,real estate,35,none,own,1,skilled employee/official,1,no,yes,1
no checking account,4,delay in paying off in the past,repairs,714,unknown/no savings account,unemployed,2,male : single,none,3,car or other,42,none,own,1,management/self-employed/highly qualified employee/officer,1,no,yes,1
no checking account,42,critical account/other credits existing,domestic appliances,1332,100 <= ... < 500 DM,< 1 year,4,male : single,none,2,building society savings agreement/life insurance,40,none,for free,2,unskilled - resident,1,yes,yes,1
... < 100 DM,24,existing credits paid back duly till now,domestic appliances,1321,... < 100 DM,1 <= ... < 4 years,2,female : divorced/separated/married,none,4,real estate,29,none,rent,1,unskilled - resident,2,no,yes,0
no checking account,12,no credits taken/all credits paid back duly,business,3209,100 <= ... < 500 DM,1 <= ... < 4 years,4,male : single,none,4,real estate,32,none,own,2,skilled employee/official,1,no,yes,1
... < 100 DM,6,existing credits paid back duly till now,furniture/equipment,2313,... < 100 DM,< 1 year,2,male : single,none,2,building society savings agreement/life insurance,50,none,own,1,unemployed/unskilled - non-resident,1,yes,yes,0
no checking account,4,existing credits paid back duly till now,retraining,3084,... < 100 DM,... >= 7 years,2,male : married/widowed,none,4,unknown/no property,41,none,rent,1,skilled employee/official,2,no,yes,1
no checking account,12,existing credits paid back duly till now,car (new),1740,unknown/no savings account,... >= 7 years,4,male : single,none,1,real estate,33,none,own,1,skilled employee/official,1,no,yes,1
no checking account,6,existing credits paid back duly till now,car (new),1988,... < 100 DM,1 <= ... < 4 years,4,male : single,none,2,real estate,37,none,rent,1,skilled employee/official,1,no,yes,1
... < 100 DM,6,existing credits paid back duly till now,domestic appliances,3034,unknown/no savings account,4 <= ... < 7 years,2,female : divorced/separated/married,none,2,car or other,31,bank,rent,1,unemployed/unskilled - non-resident,1,yes,yes,0
... < 100 DM,12,existing credits paid back duly till now,education,1973,... >= 1000 DM,... >= 7 years,3,male : single,none,2,real estate,22,bank,own,1,skilled employee/official,1,no,no,1
no checking account,12,existing credits paid back duly till now,education,3057,... < 100 DM,unemployed,3,male : single,none,3,building society savings agreement/life insurance,44,stores,own,1,management/self-employed/highly qualified employee/officer,1,yes,yes,1
>= 200 DM / salary assignments,36,existing credits paid back duly till now,domestic appliances,5020,unknown/no savings account,... >= 7 years,4,male : single,none,3,car or other,46,bank,own,1,management/self-employed/highly qualified employee/officer,1,no,yes,0
0 <= ... < 200 DM,24,delay in paying off in the past,car (new),1232,... < 100 DM,... >= 7 years,2,female : divorced/separated/married,none,3,building society savings agreement/life insurance,51,none,own,1,skilled employee/official,1,no,yes,0
no checking account,24,no credits taken/all credits paid back duly,repairs,7167,... < 100 DM,... >= 7 years,2,female : divorced/separated/married,none,1,car or other,38,none,for free,2,skilled employee/official,2,yes,yes,1
no checking account,9,existing credits paid back duly till now,furniture/equipment,1745,... < 100 DM,1 <= ... < 4 years,1,male : single,none,2,car or other,26,bank,rent,1,management/self-employed/highly qualified employee/officer,1,yes,yes,1
0 <= ... < 200 DM,12,critical account/other credits existing,radio/television,1364,... < 100 DM,4 <= ... < 7 years,2,female : divorced/separated/married,none,3,building society savings agreement/life insurance,22,none,own,1,management/self-employed/highly qualified employee/officer,1,no,yes,1
... < 100 DM,24,no credits taken/all credits paid back duly,radio/television,2018,... < 100 DM,... >= 7 years,3,female : divorced/separated/married,none,3,building society savings agreement/life insurance,37,bank,own,1,unskilled - resident,1,no,yes,1
0 <= ... < 200 DM,48,existing credits paid back duly till now at this bank,radio/television,6638,... < 100 DM,1 <= ... < 4 years,2,male : single,none,1,car or other,38,none,own,2,skilled employee/official,2,no,yes,1
no checking account,12,existing credits paid back duly till now,radio/television,1839,... < 100 DM,4 <= ... < 7 years,4,female : divorced/separated/married,none,2,unknown/no property,19,none,own,2,unskilled - resident,1,no,yes,1
... < 100 DM,42,no credits taken/all credits paid back duly,retraining,1147,... < 100 DM,1 <= ... < 4 years,3,female : divorced/separated/married,none,3,building society savings agreement/life insurance,36,none,own,2,skilled employee/official,1,no,yes,0
0 <= ... < 200 DM,15,existing credits paid back duly till now,radio/television,2098,... < 100 DM,4 <= ... < 7 years,2,female : divorced/separated/married,none,3,car or other,26,none,rent,1,skilled employee/official,1,yes,yes,1
0 <= ... < 200 DM,12,existing credits paid back duly till now,car (used),1429,... < 100 DM,... >= 7 years,2,male : single,none,3,car or other,20,bank,for free,3,unskilled - resident,1,no,yes,1
... < 100 DM,15,existing credits paid back duly till now,radio/television,1038,... < 100 DM,< 1 year,2,female : divorced/separated/married,none,1,unknown/no property,34,none,own,3,unskilled - resident,1,yes,yes,0
0 <= ... < 200 DM,30,existing credits paid back duly till now at this bank,radio/television,1906,500 <= ... < 1000 DM,... >= 7 years,3,male : single,none,4,car or other,22,none,own,1,management/self-employed/highly qualified employee/officer,1,yes,yes,1
0 <= ... < 200 DM,12,existing credits paid back duly till now,other,1339,... < 100 DM,4 <= ... < 7 years,2,female : divorced/separated/married,none,1,building society savings agreement/life insurance,32,none,own,1,skilled employee/official,1,no,no,1
... < 100 DM,30,existing credits paid back duly till now,car (used),3553,unknown/no savings account,unemployed,3,female : divorced/separated/married,none,1,building society savings agreement/life insurance,32,bank,own,1,management/self-employed/highly qualified employee/officer,1,yes,yes,0
>= 200 DM / salary assignments,36,existing credits paid back duly till now at this bank,radio/television,1336,... < 100 DM,< 1 year,3,male : single,none,1,building society savings agreement/life insurance,19,none,for free,1,management/self-employed/highly qualified employee/officer,1,no,yes,1
... < 100 DM,42,delay in paying off in the past,car (used),2854,100 <= ... < 500 DM,... >= 7 years,3,male : single,co-applicant,2,unknown/no property,31,none,own,1,skilled employee/official,1,yes,yes,0
0 <= ... < 200 DM,24,existing credits paid back duly till now,car (new),4738,... < 100 DM,1 <= ... < 4 years,2,female : divorced/separated/married,none,1,car or other,32,stores,own,1,management/self-employed/highly qualified employee/officer,2,yes,yes,1
no checking account,6,existing credits paid back duly till now,radio/television,3025,... < 100 DM,< 1 year,2,male : divorced/separated,none,3,building society savings agreement/life insurance,32,none,rent,2,management/self-employed/highly qualified employee/officer,1,no,yes,1
no checking account,42,critical account/other credits existing,car (used),4598,... >= 1000 DM,... >= 7 years,3,male : single,none,3,building society savings agreement/life insurance,41,stores,own,1,unskilled - resident,1,no,yes,1
no checking account,72,existing credits paid back duly till now at this bank,education,977,100 <= ... < 500 DM,1 <= ... < 4 years,1,male : single,none,2,car or other,38,none,own,3,unskilled - resident,1,yes,yes,1
no checking account,24,no credits taken/all credits paid back duly,domestic appliances,1075,... >= 1000 DM,< 1 year,3,male : single,none,3,car or other,32,bank,own,2,unskilled - resident,2,yes,yes,1
0 <= ... < 200 DM,30,existing credits paid back duly till now at this bank,retraining,4187,100 <= ... < 500 DM,< 1 year,2,male : single,none,1,unknown/no property,41,none,own,4,skilled employee/official,1,no,yes,0
>= 200 DM / salary assignments,48,existing credits paid back duly till now,radio/television,1952,... < 100 DM,... >= 7 years,4,female : divorced/separated/married,none,3,building society savings agreement/life insurance,41,stores,rent,1,skilled employee/official,1,yes,yes,0
0 <= ... < 200 DM,6,delay in paying off in the past,education,1485,... < 100 DM,< 1 year,3,male : single,none,3,building society savings agreement/life insurance,35,none,own,1,skilled employee/official,2,yes,yes,1
no checking account,9,critical account/other credits existing,radio/television,1158,... < 100 DM,< 1 year,2,male : single,none,4,building society savings agreement/life insurance,26,none,own,1,skilled employee/official,1,yes,yes,1
... < 100 DM,4,existing credits paid back duly till now,radio/television,314,500 <= ... < 1000 DM,unemployed,2,female : divorced/separated/married,none,4,car or other,39,bank,own,3,management/self-employed/highly qualified employee/officer,1,yes,yes,0
no checking account,18,existing credits paid back duly till now,domestic appliances,2181,... < 100 DM,... >= 7 years,3,male : single,none,4,car or other,37,none,rent,1,skilled employee/official,2,no,yes,1
no checking account,21,critical account/other credits existing,radio/television,2862,... < 100 DM,... >= 7 years,3,male : single,none,3,car or other,27,none,own,1,skilled employee/official,1,no,yes,1
no checking account,18,delay in paying off in the past,car (new),2344,... >= 1000 DM,1 <= ... < 4 years,2,female : divorced/separated/married,none,2,car or other,20,bank,own,2,unskilled - resident,1,no,yes,1
no checking account,24,existing credits paid back duly till now,radio/television,3905,unknown/no savings account,... >= 7 years,2,female : divorced/separated/married,none,2,car or other,33,none,own,2,skilled employee/official,2,no,yes,1
no checking account,18,delay in paying off in the past,radio/television,2105,100 <= ... < 500 DM,4 <= ... < 7 years,3,female : divorced/separated/married,none,3,building society savings agreement/life insurance,41,none,own,2,skilled employee/official,2,yes,yes,1
... < 100 DM,6,existing credits paid back duly till now,car (new),1249,... < 100 DM,< 1 year,1,female : divorced/separated/married,none,1,building society savings agreement/life insurance,33,none,own,2,unskilled - resident,1,yes,yes,0
0 <= ... < 200 DM,30,existing credits paid back duly till now,furniture/equipment,1559,100 <= ... < 500 DM,1 <= ... < 4 years,3,male : single,none,1,building society savings agreement/life insurance,45,none,rent,1,management/self-employed/highly qualified employee/officer,1,no,yes,0
0 <= ... < 200 DM,60,critical account/other credits existing,radio/television,1636,unknown/no savings account,... >= 7 years,4,female : divorced/separated/married,none,4,car or other,33,none,for free,3,skilled employee/official,1,yes,yes,0
... < 100 DM,9,existing credits paid back duly till now,furniture/equipment,1832,... < 100 DM,4 <= ... < 7 years,1,male : single,none,3,real estate,50,none,for free,1,skilled employee/official,2,no,yes,1
no checking account,12,existing credits paid back duly till now at this bank,domestic appliances,1657,100 <= ... < 500 DM,... >= 7 years,4,male : single,none,2,real estate,42,none,own,3,management/self-employed/highly qualified employee/officer,1,no,yes,1
no checking account,18,existing credits paid back duly till now,radio/television,2161,... >= 1000 DM,unemployed,3,male : single,none,3,building society savings agreement/life insurance,48,none,own,1,skilled employee/official,1,no,yes,1
... < 100 DM,18,existing credits paid back duly till now,car (used),1971,500 <= ... < 1000 DM,1 <= ... < 4 years,2,male : single,none,3,building society savings agreement/life insurance,41,none,own,2,skilled employee/official,1,yes,yes,0
0 <= ... < 200 DM,9,existing credits paid back duly till now,car (new),4039,... < 100 DM,... >= 7 years,2,male : single,none,2,building society savings agreement/life insurance,46,none,own,1,skilled employee/official,1,no,yes,1
... < 100 DM,12,existing credits paid back duly till now,radio/television,2439,... < 100 DM,... >= 7 years,2,male : single,co-applicant,4,real estate,35,none,for free,1,skilled employee/official,1,no,yes,1
0 <= ... < 200 DM,15,critical account/other credits existing,radio/television,2409,100 <= ... < 500 DM,< 1 year,2,female : divorced/separated/married,none,3,building society savings agreement/life insurance,24,none,own,2,skilled employee/official,1,no,yes,1
... < 100 DM,24,critical account/other credits existing,education,1337,... >= 1000 DM,< 1 year,1,male : single,none,3,building society savings agreement/life insurance,33,bank,for free,1,unskilled - resident,1,no,yes,0
0 <= ... < 200 DM,6,existing credits paid back duly till now,car (new),3685,... < 100 DM,< 1 year,2,male : divorced/separated,none,1,real estate,41,none,rent,2,management/self-employed/highly qualified employee/officer,1,yes,yes,1
0 <= ... < 200 DM,6,delay in paying off in the past,car (new),6058,... < 100 DM,unemployed,3,female : divorced/separated/married,co-applicant,3,real estate,45,none,for free,1,management/self-employed/highly qualified employee/officer,1,no,yes,1
no checking account,12,existing credits paid back duly till now,radio/television,1100,... < 100 DM,4 <= ... < 7 years,4,male : single,none,2,car or other,19,bank,own,1,management/self-employed/highly qualified employee/officer,1,no,yes,1
no checking account,30,existing credits paid back duly till now,retraining,2044,... < 100 DM,4 <= ... < 7 years,4,male : single,none,3,building society savings agreement/life insurance,33,none,own,1,skilled employee/official,1,no,yes,1
... < 100 DM,36,critical account/other credits existing,radio/television,404,... < 100 DM,1 <= ... < 4 years,3,female : divorced/separated/married,none,2,building society savings agreement/life insurance,49,none,rent,1,skilled employee/official,1,yes,yes,1
... < 100 DM,18,critical account/other credits existing,education,372,... < 100 DM,1 <= ... < 4 years,3,female : divorced/separated/married,none,4,building society savings agreement/life insurance,44,none,for free,2,unskilled - resident,1,no,yes,0
no checking account,12,existing credits paid back duly till now at this bank,radio/television,2275,... < 100 DM,1 <= ... < 4 years,1,male : single,none,2,real estate,32,none,rent,1,skilled employee/official,1,no,yes,1
no checking account,30,delay in paying off in the past,car (used),4067,... < 100 DM,< 1 year,2,male : single,none,2,unknown/no property,52,none,own,1,skilled employee/official,1,yes,yes,1
no checking account,36,existing credits paid back duly till now at this bank,furniture/equipment,2035,... < 100 DM,1 <= ... < 4 years,3,male : single,none,4,building society savings agreement/life insurance,37,none,own,1,skilled employee/official,1,yes,yes,1
no checking account,18,delay in paying off in the past,car (used),2843,... >= 1000 DM,< 1 year,2,male : married/widowed,none,4,real estate,44,none,own,1,skilled employee/official,1,no,yes,1
0 <= ... < 200 DM,30,existing credits paid back duly till now,education,1374,unknown/no savings account,1 <= ... < 4 years,1,male : single,none,3,car or other,44,none,rent,1,management/self-employed/highly qualified employee/officer,1,no,yes,0
0 <= ... < 200 DM,24,critical account/other credits existing,domestic appliances,3067,... < 100 DM,... >= 7 years,2,male : single,none,1,car or other,36,none,own,1,skilled employee/official,1,no,yes,1
no checking account,24,existing credits paid back duly till now,car (new),1535,... < 100 DM,1 <= ... < 4 years,3,female : divorced/separated/married,none,4,unknown/no property,54,none,own,1,skilled employee/official,1,yes,yes,1
... < 100 DM,30,critical account/other credits existing,car (used),3491,unknown/no savings account,... >= 7 years,4,male : single,none,2,unknown/no property,48,none,own,2,skilled employee/official,1,no,yes,0
0 <= ... < 200 DM,24,existing credits paid back duly till now at this bank,domestic appliances,3679,100 <= ... < 500 DM,unemployed,3,male : single,none,2,car or other,21,none,own,2,skilled employee/official,1,no,yes,0
0 <= ... < 200 DM,12,existing credits paid back duly till now,business,1801,... < 100 DM,< 1 year,4,male : single,none,2,real estate,32,bank,own,2,skilled employee/official,1,no,yes,1
... < 100 DM,30,existing credits paid back duly till now,car (new),5133,... < 100 DM,1 <= ... < 4 years,2,female : divorced/separated/married,none,2,real estate,37,none,own,3,skilled employee/official,1,yes,yes,0
0 <= ... < 200 DM,15,existing credits paid back duly till now,radio/television,1513,... < 100 DM,1 <= ... < 4 years,4,female : divorced/separated/married,none,1,building society savings agreement/life insurance,30,none,own,2,skilled employee/official,1,yes,yes,1
... < 100 DM,9,existing credits paid back duly till now,car (new),1354,... < 100 DM,unemployed,4,male : single,none,3,real estate,48,none,own,1,management/self-employed/highly qualified employee/officer,2,no,yes,1
no checking account,30,critical account/other credits existing,car (new),4663,... < 100 DM,1 <= ... < 4 years,4,female : divorced/separated/married,none,2,real estate,34,bank,for free,1,unskilled - resident,2,no,yes,1
0 <= ... < 200 DM,12,existing credits paid back duly till now,radio/television,993,unknown/no savings account,1 <= ... < 4 years,2,male : single,none,3,building society savings agreement/life insurance,51,none,own,3,skilled employee/official,1,no,yes,0
... < 100 DM,24,critical account/other credits existing,car (new),1497,... >= 1000 DM,unemployed,3,male : single,none,2,car or other,34,none,own,1,skilled employee/official,1,no,no,1
no checking account,12,existing credits paid back duly till now at this bank,car (used),1480,unknown/no savings account,1 <= ... < 4 years,2,female : divorced/separated/married,none,3,real estate,30,none,own,1,skilled employee/official,1,no,yes,1
no checking account,9,critical account/other credits existing,radio/television,1201,... < 100 DM,1 <= ... < 4 years,4,male : married/widowed,none,3,car or other,19,stores,own,2,skilled employee/official,1,no,yes,1
0 <= ... < 200 DM,30,existing credits paid back duly till now at this bank,radio/television,3585,100 <= ... < 500 DM,< 1 year,3,male : single,none,4,building society savings agreement/life insurance,43,none,own,1,skilled employee/official,1,yes,yes,1
0 <= ... < 200 DM,30,no credits taken/all credits paid back duly,furniture/equipment,1164,500 <= ... < 1000 DM,1 <= ... < 4 years,2,male : married/widowed,none,3,building society savings agreement/life insurance,44,none,own,1,unskilled - resident,2,yes,yes,1
0 <= ... < 200 DM,36,critical account/other credits existing,retraining,1725,... < 100 DM,... >= 7 years,1,male : married/widowed,none,2,real estate,40,none,own,1,skilled employee/official,1,yes,yes,1
... < 100 DM,12,existing credits paid back duly till now at this bank,radio/television,5603,... < 100 DM,1 <= ... < 4 years,4,male : divorced/separated,none,3,unknown/no property,52,none,own,1,skilled employee/official,1,yes,yes,1
... < 100 DM,6,no credits taken/all credits paid back duly,domestic appliances,827,100 <= ... < 500 DM,4 <= ... < 7 years,2,male : divorced/separated,none,1,building society savings agreement/life insurance,48,bank,own,2,management/self-employed/highly qualified employee/officer,1,no,yes,0
no checking account,18,existing credits paid back duly till now,radio/television,6247,... >= 1000 DM,1 <= ... < 4 years,2,male : single,none,4,car or other,27,bank,own,1,skilled employee/official,2,no,yes,1
... < 100 DM,30,existing credits paid back duly till now,radio/television,2782,... >= 1000 DM,4 <= ... < 7 years,1,female : divorced/separated/married,none,3,car or other,41,none,own,1,management/self-employed/highly qualified employee/officer,1,no,yes,1
>= 200 DM / salary assignments,12,existing credits paid back duly till now at this bank,furniture/equipment,3054,... < 100 DM,< 1 year,2,female : divorced/separated/married,none,2,car or other,46,stores,own,1,skilled employee/official,1,no,yes,0
no checking account,30,no credits taken/all credits paid back duly,radio/television,2619,100 <= ... < 500 DM,unemployed,2,male : single,none,2,car or other,48,stores,own,1,management/self-employed/highly qualified employee/officer,1,no,yes,1
... < 100 DM,30,delay in paying off in the past,furniture/equipment,8868,... < 100 DM,1 <= ... < 4 years,2,female : divorced/separated/married,none,3,car or other,52,none,own,1,management/self-employed/highly qualified employee/officer,1,yes,yes,0
no checking account,15,existing credits paid back duly till now at this bank,domestic appliances,3246,... < 100 DM,1 <= ... < 4 years,3,male : single,none,2,real estate,40,none,own,3,unskilled - resident,1,no,yes,1
... < 100 DM,12,existing credits paid back duly till now at this bank,furniture/equipment,5467,... < 100 DM,1 <= ... < 4 years,3,male : single,none,4,building society savings agreement/life insurance,19,none,own,2,skilled employee/official,1,yes,yes,0
no checking account,18,existing credits paid back duly till now,radio/television,2791,unknown/no savings account,... >= 7 years,2,male : single,none,3,unknown/no property,42,none,own,2,skilled employee/official,1,yes,yes,1
0 <= ... < 200 DM,72,existing credits paid back duly till now at this bank,education,1896,... < 100 DM,4 <= ... < 7 years,4,male : single,none,2,real estate,36,none,rent,1,skilled employee/official,1,no,yes,0
no checking account,18,critical account/other credits existing,car (used),1861,... < 100 DM,< 1 year,3,male : single,none,2,car or other,41,none,own,2,skilled employee/official,1,no,yes,1
0 <= ... < 200 DM,36,critical account/other credits existing,furniture/equipment,1624,unknown/no savings account,4 <= ... < 7 years,2,male : divorced/separated,none,3,real estate,31,bank,own,1,skilled employee/official,1,no,yes,0
no checking account,12,existing credits paid back duly till now,domestic appliances,4537,... < 100 DM,1 <= ... < 4 years,3,male : single,none,1,real estate,37,none,own,1,management/self-employed/highly qualified employee/officer,1,no,yes,1
0 <= ... < 200 DM,12,existing credits paid back duly till now,radio/television,2198,... < 100 DM,... >= 7 years,2,female : divorced/separated/married,none,4,real estate,30,none,own,2,skilled employee/official,2,no,yes,1
no checking account,15,delay in paying off in the past,furniture/equipment,1706,... < 100 DM,< 1 year,4,male : single,none,1,car or other,36,none,own,1,skilled employee/official,1,yes,yes,1
0 <= ... < 200 DM,12,existing credits paid back duly till now,education,2038,... < 100 DM,1 <= ... < 4 years,2,male : single,none,2,real estate,52,none,own,2,skilled employee/official,2,yes,yes,1
0 <= ... < 200 DM,18,existing credits paid back duly till now,radio/television,1848,... < 100 DM,... >= 7 years,1,male : single,none,2,building society savings agreement/life insurance,53,none,own,1,skilled employee/official,1,no,yes,1
0 <= ... < 200 DM,4,critical account/other credits existing,furniture/equipment,4303,100 <= ... < 500 DM,< 1 year,1,female : divorced/separated/married,none,1,car or other,27,none,own,1,skilled employee/official,2,no,yes,1
no checking account,12,existing credits paid back duly till now,domestic appliances,1716,... < 100 DM,1 <= ... < 4 years,3,female : divorced/separated/married,co-applicant,3,unknown/no property,42,bank,own,2,unskilled - resident,1,no,yes,1
0 <= ... < 200 DM,36,existing credits paid back duly till now,furniture/equipment,4804,... < 100 DM,1 <= ... < 4 years,4,male : single,none,2,real estate,35,none,own,2,skilled employee/official,1,yes,yes,1
0 <= ... < 200 DM,12,delay in paying off in the past,domestic appliances,2581,... < 100 DM,4 <= ... < 7 years,2,male : single,none,1,building society savings agreement/life insurance,21,bank,own,1,skilled employee/official,1,yes,yes,0
no checking account,12,no credits taken/all credits paid back duly,radio/television,639,100 <= ... < 500 DM,1 <= ... < 4 years,3,female : divorced/separated/married,none,3,real estate,38,none,own,1,unskilled - resident,2,no,yes,1
no checking account,18,existing credits paid back duly till now,furniture/equipment,942,... < 100 DM,1 <= ... < 4 years,4,female : divorced/separated/married,none,3,unknown/no property,36,none,own,1,management/self-employed/highly qualified employee/officer,1,no,yes,0
no checking account,54,existing credits paid back duly till now,domestic appliances,4204,unknown/no savings account,1 <= ... < 4 years,2,male : single,none,2,car or other,47,none,own,2,skilled employee/official,1,yes,yes,1
no checking account,12,existing credits paid back duly till now,retraining,1785,... < 100 DM,1 <= ... < 4 years,3,female : divorced/separated/married,none,3,building society savings agreement/life insurance,40,none,own,2,skilled employee/official,2,no,yes,1
>= 200 DM / salary assignments,18,existing credits paid back duly till now,radio/television,1378,... < 100 DM,unemployed,3,male : single,none,3,real estate,19,none,own,3,unemployed/unskilled - non-resident,1,no,yes,0
0 <= ... < 200 DM,24,existing credits paid back duly till now,car (used),2427,unknown/no savings account,1 <= ... < 4 years,3,male : single,none,2,car or other,20,none,own,2,management/self-employed/highly qualified employee/officer,1,no,yes,0
0 <= ... < 200 DM,6,existing credits paid back duly till now,radio/television,3408,unknown/no savings account,4 <= ... < 7 years,2,male : divorced/separated,none,3,car or other,36,none,own,1,skilled employee/official,1,no,yes,0
0 <= ... < 200 DM,36,existing credits paid back duly till now,car (new),2072,100 <= ... < 500 DM,1 <= ... < 4 years,4,female : divorced/separated/married,none,4,building society savings agreement/life insurance,29,none,own,1,skilled employee/official,1,yes,yes,1
0 <= ... < 200 DM,24,existing credits paid back duly till now,repairs,771,... >= 1000 DM,1 <= ... < 4 years,4,female : divorced/separated/married,none,2,car or other,60,none,rent,1,skilled employee/official,1,no,yes,1
... < 100 DM,24,critical account/other credits existing,radio/television,4762,unknown/no savings account,4 <= ... < 7 years,3,male : single,none,2,car or other,24,none,own,1,skilled employee/official,1,yes,yes,0
no checking account,72,existing credits paid back duly till now,radio/television,1903,... < 100 DM,1 <= ... < 4 years,2,male : married/widowed,none,3,unknown/no property,39,none,rent,1,management/self-employed/highly qualified employee/officer,1,yes,yes,1
no checking account,48,existing credits paid back duly till now,radio/television,688,... < 100 DM,1 <= ... < 4 years,1,male : single,none,2,unknown/no property,45,none,own,2,unskilled - resident,1,yes,yes,1
no checking account,18,existing credits paid back duly till now,car (used),5653,unknown/no savings account,1 <= ... < 4 years,2,female : divorced/separated/married,none,3,unknown/no property,35,bank,for free,1,skilled employee/official,1,yes,yes,1
0 <= ... < 200 DM,24,critical account/other credits existing,car (new),3021,unknown/no savings account,1 <= ... < 4 years,1,female : divorced/separated/married,co-applicant,1,unknown/no property,25,none,own,1,skilled employee/official,1,yes,yes,1
0 <= ... < 200 DM,12,existing credits paid back duly till now,car (used),1474,... < 100 DM,4 <= ... < 7 years,3,female : divorced/separated/married,none,3,building society savings agreement/life insurance,32,none,own,1,skilled employee/official,1,yes,yes,0
0 <= ... < 200 DM,36,critical account/other credits existing,furniture/equipment,1677,... < 100 DM,unemployed,2,female : divorced/separated/married,none,2,real estate,30,none,rent,1,skilled employee/official,1,no,yes,1
0 <= ... < 200 DM,48,delay in paying off in the past,car (new),1227,... < 100 DM,... >= 7 years,2,female : divorced/separated/married,none,1,building society savings agreement/life insurance,19,none,own,1,skilled employee/official,1,yes,yes,1
0 <= ... < 200 DM,36,existing credits paid back duly till now,radio/television,2893,... < 100 DM,1 <= ... < 4 years,4,female : divorced/separated/married,none,3,unknown/no property,48,stores,own,1,unskilled - resident,1,yes,yes,0
no checking account,12,no credits taken/all credits paid back duly,car (new),816,... < 100 DM,1 <= ... < 4 years,2,male : single,none,3,real estate,19,none,own,1,skilled employee/official,1,yes,yes,1
... < 100 DM,30,existing credits paid back duly till now at this bank,radio/television,1918,... < 100 DM,1 <= ... < 4 years,4,female : divorced/separated/married,none,1,car or other,57,none,rent,1,management/self-employed/highly qualified employee/officer,1,no,yes,1
... < 100 DM,24,critical account/other credits existing,domestic appliances,1287,unknown/no savings account,4 <= ... < 7 years,4,male : single,none,2,car or other,28,bank,own,1,skilled employee/official,1,no,yes,0
no checking account,42,critical account/other credits existing,repairs,3046,unknown/no savings account,4 <= ... < 7 years,4,male : married/widowed,none,4,real estate,36,bank,own,1,unskilled - resident,2,yes,yes,1
0 <= ... < 200 DM,12,existing credits paid back duly till now,other,4226,... < 100 DM,1 <= ... < 4 years,4,female : divorced/separated/married,none,3,unknown/no property,36,none,own,1,skilled employee/official,1,no,yes,1
no checking account,15,existing credits paid back duly till now,education,1740,... < 100 DM,unemployed,3,male : single,none,3,unknown/no property,51,none,own,1,management/self-employed/highly qualified employee/officer,1,no,yes,1
... < 100 DM,24,critical account/other credits existing,radio/television,3135,100 <= ... < 500 DM,< 1 year,4,male : single,none,3,building society savings agreement/life insurance,49,none,for free,1,unskilled - resident,1,yes,yes,1
0 <= ... < 200 DM,18,existing credits paid back duly till now,car (new),5309,... < 100 DM,... >= 7 years,2,female : divorced/separated/married,none,1,real estate,31,bank,own,1,skilled employee/official,1,no,yes,1
no checking account,9,existing credits paid back duly till now,furniture/equipment,1436,unknown/no savings account,4 <= ... < 7 years,3,male : single,none,1,real estate,36,none,rent,1,unskilled - resident,1,yes,yes,1
... < 100 DM,12,existing credits paid back duly till now,car (new),662,100 <= ... < 500 DM,1 <= ... < 4 years,1,female : divorced/separated/married,guarantor,2,real estate,41,none,for free,1,skilled employee/official,1,yes,yes,0
... < 100 DM,6,critical account/other credits existing,car (new),4795,... >= 1000 DM,1 <= ... < 4 years,3,male : single,none,1,car or other,31,none,for free,1,skilled employee/official,1,no,no,1
no checking account,12,no credits taken/all credits paid back duly,car (new),3301,... < 100 DM,... >= 7 years,2,male : single,none,3,unknown/no property,61,none,for free,2,skilled employee/official,1,yes,yes,1
... < 100 DM,18,existing credits paid back duly till now at this bank,radio/television,626,500 <= ... < 1000 DM,1 <= ... < 4 years,2,male : single,none,3,real estate,61,none,own,1,unskilled - resident,1,no,yes,1
no checking account,48,existing credits paid back duly till now,business,1753,... < 100 DM,1 <= ... < 4 years,2,male : single,none,4,building society savings agreement/life insurance,30,none,rent,1,skilled employee/official,1,no,yes,1
no checking account,72,existing credits paid back duly till now at this bank,car (new),3265,... >= 1000 DM,4 <= ... < 7 years,2,male : single,guarantor,3,unknown/no property,45,none,own,1,skilled employee/official,1,no,yes,1
no checking account,36,existing credits paid back duly till now,car (used),3491,... < 100 DM,1 <= ... < 4 years,2,male : single,none,3,car or other,34,none,for free,1,skilled employee/official,1,no,yes,1
no checking account,30,existing credits paid back duly till now at this bank,car (new),1562,... < 100 DM,... >= 7 years,3,male : single,none,3,unknown/no property,26,bank,own,1,skilled employee/official,2,no,yes,1
no checking account,9,existing credits paid back duly till now,furniture/equipment,1601,... < 100 DM,1 <= ... < 4 years,3,male : single,co-applicant,1,car or other,37,none,own,1,skilled employee/official,1,yes,yes,1
no checking account,18,existing credits paid back duly till now,car (used),2994,... >= 1000 DM,1 <= ... < 4 years,4,female : divorced/separated/married,none,1,real estate,69,none,rent,1,skilled employee/official,1,yes,no,1
no checking account,42,delay in paying off in the past,car (used),2805,... < 100 DM,< 1 year,4,male : single,none,4,real estate,36,none,own,2,skilled employee/official,1,no,yes,1
... < 100 DM,18,no credits taken/all credits paid back duly,radio/television,1220,... < 100 DM,4 <= ... < 7 years,3,female : divorced/separated/married,none,4,car or other,55,none,own,3,skilled employee/official,1,yes,yes,1
no checking account,12,existing credits paid back duly till now at this bank,radio/television,1288,... < 100 DM,1 <= ... < 4 years,2,male : single,none,2,building society savings agreement/life insurance,31,none,own,1,skilled employee/official,1,yes,yes,1
no checking account,6,existing credits paid back duly till now at this bank,car (used),4431,100 <= ... < 500 DM,1 <= ... < 4 years,1,male : single,none,2,building society savings agreement/life insurance,33,bank,own,2,skilled employee/official,1,no,yes,1
no checking account,30,existing credits paid back duly till now,education,1731,unknown/no savings account,... >= 7 years,2,male : single,none,3,real estate,30,none,rent,2,skilled employee/official,1,yes,yes,1
no checking account,12,existing credits paid back duly till now,education,647,... < 100 DM,1 <= ... < 4 years,1,female : divorced/separated/married,none,4,car or other,37,none,own,1,skilled employee/official,1,yes,yes,1
... < 100 DM,12,existing credits paid back duly till now,car (new),4490,... >= 1000 DM,< 1 year,2,male : single,co-applicant,3,car or other,42,bank,rent,1,skilled employee/official,1,yes,yes,1
no checking account,42,critical account/other credits existing,car (new),1864,... < 100 DM,unemployed,3,female : divorced/separated/married,none,2,car or other,35,none,own,2,unskilled - resident,1,yes,yes,1
0 <= ... < 200 DM,12,no credits taken/all credits paid back duly,car (new),1452,... < 100 DM,< 1 year,3,male : single,none,3,car or other,20,none,own,1,skilled employee/official,1,yes,yes,1
... < 100 DM,48,existing credits paid back duly till now,education,2929,unknown/no savings account,... >= 7 years,2,male : married/widowed,none,4,building society savings agreement/life insurance,55,none,own,2,skilled employee/official,1,no,yes,0
... < 100 DM,6,existing credits paid back duly till now,furniture/equipment,2520,... < 100 DM,... >= 7 years,2,male : single,none,3,car or other,38,bank,own,2,skilled employee/official,1,yes,yes,1
no checking account,12,existing credits paid back duly till now,retraining,859,unknown/no savings account,unemployed,4,male : single,none,2,real estate,23,none,own,1,management/self-employed/highly qualified employee/officer,2,no,yes,1
0 <= ... < 200 DM,36,existing credits paid back duly till now,car (new),2076,... < 100 DM,1 <= ... < 4 years,2,male : married/widowed,none,1,unknown/no property,33,none,rent,1,unskilled - resident,1,yes,yes,0
... < 100 DM,72,existing credits paid back duly till now,radio/television,1439,... < 100 DM,< 1 year,4,male : single,none,4,unknown/no property,45,none,own,2,unemployed/unskilled - non-resident,1,no,yes,0
... < 100 DM,30,critical account/other credits existing,car (new),1729,... < 100 DM,... >= 7 years,1,male : single,none,3,car or other,23,none,own,1,management/self-employed/highly qualified employee/officer,1,yes,yes,1
... < 100 DM,30,existing credits paid back duly till now,domestic appliances,3140,... < 100 DM,1 <= ... < 4 years,4,male : single,none,3,building society savings agreement/life insurance,22,bank,own,2,skilled employee/official,1,no,yes,0
no checking account,12,existing credits paid back duly till now,car (used),1847,... < 100 DM,4 <= ... < 7 years,1,male : single,none,2,unknown/no property,19,none,rent,1,skilled employee/official,1,yes,yes,1
... < 100 DM,9,existing credits paid back duly till now,domestic appliances,1236,... >= 1000 DM,... >= 7 years,2,female : divorced/separated/married,none,4,building society savings agreement/life insurance,41,none,rent,1,skilled employee/official,1,yes,yes,1
0 <= ... < 200 DM,6,existing credits paid back duly till now,car (new),1022,... < 100 DM,4 <= ... < 7 years,2,female : divorced/separated/married,none,2,car or other,43,none,rent,1,skilled employee/official,1,yes,yes,1
no checking account,12,delay in paying off in the past,radio/television,574,... < 100 DM,4 <= ... < 7 years,3,male : single,none,1,car or other,20,none,own,2,skilled employee/official,1,no,yes,1
no checking account,12,existing credits paid back duly till now,radio/television,765,... < 100 DM,... >= 7 years,3,male : married/widowed,none,2,building society savings agreement/life insurance,35,none,own,1,skilled employee/official,2,no,yes,1
>= 200 DM / salary assignments,18,existing credits paid back duly till now at this bank,radio/television,1058,... < 100 DM,4 <= ... < 7 years,3,male : divorced/separated,co-applicant,1,car or other,34,none,own,2,skilled employee/official,2,no,yes,1
... < 100 DM,30,existing credits paid back duly till now,radio/television,2250,... < 100 DM,< 1 year,2,female : divorced/separated/married,none,3,car or other,36,none,own,1,unskilled - resident,1,no,yes,0
... < 100 DM,18,delay in paying off in the past,radio/television,1317,100 <= ... < 500 DM,1 <= ... < 4 years,4,male : single,none,2,car or other,27,none,own,1,skilled employee/official,1,no,yes,1
... < 100 DM,18,delay in paying off in the past,car (new),980,... < 100 DM,< 1 year,3,female : divorced/separated/married,none,2,building society savings agreement/life insurance,60,none,own,1,management/self-employed/highly qualified employee/officer,2,no,yes,0
0 <= ... < 200 DM,48,critical account/other credits existing,radio/television,1964,... < 100 DM,1 <= ... < 4 years,2,female : divorced/separated/married,none,3,building society savings agreement/life insurance,28,none,for free,1,skilled employee/official,1,no,yes,1
no checking account,12,existing credits paid back duly till now,education,2171,unknown/no savings account,... >= 7 years,3,female : divorced/separated/married,none,3,real estate,28,bank,own,1,management/self-employed/highly qualified employee/officer,1,yes,yes,1
no checking account,30,critical account/other credits existing,radio/television,4561,... < 100 DM,1 <= ... < 4 years,4,male : single,none,2,building society savings agreement/life insurance,47,none,for free,3,skilled employee/official,1,no,yes,1
... < 100 DM,24,existing credits paid back duly till now at this bank,radio/television,2450,... < 100 DM,4 <= ... < 7 years,1,male : single,none,2,unknown/no property,53,bank,rent,1,skilled employee/official,1,no,yes,0
... < 100 DM,9,critical account/other credits existing,radio/television,2063,500 <= ... < 1000 DM,1 <= ... < 4 years,3,male : single,none,3,real estate,52,none,own,1,unskilled - resident,1,no,yes,1
0 <= ... < 200 DM,30,critical account/other credits existing,car (new),3467,... < 100 DM,1 <= ... < 4 years,3,female : divorced/separated/married,none,4,real estate,32,bank,own,1,skilled employee/official,1,no,yes,1
no checking account,18,existing credits paid back duly till now,car (new),2078,500 <= ... < 1000 DM,... >= 7 years,3,male : single,none,2,real estate,49,none,own,4,skilled employee/official,1,no,yes,1
... < 100 DM,12,existing credits paid back duly till now,car (used),5004,... < 100 DM,< 1 year,4,male : single,none,3,car or other,46,none,own,1,management/self-employed/highly qualified employee/officer,1,no,yes,0
no checking account,48,existing credits paid back duly till now,domestic appliances,1833,100 <= ... < 500 DM,1 <= ... < 4 years,3,male : single,none,1,unknown/no property,31,none,own,1,skilled employee/official,1,yes,yes,1
... < 100 DM,24,existing credits paid back duly till now at this bank,furniture/equipment,1264,100 <= ... < 500 DM,1 <= ... < 4 years,3,female : divorced/separated/married,guarantor,2,unknown/no property,23,bank,own,1,skilled employee/official,1,yes,yes,0
... < 100 DM,24,delay in paying off in the past,education,1167,500 <= ... < 1000 DM,4 <= ... < 7 years,4,female : divorced/separated/married,none,3,unknown/no property,19,none,own,1,unskilled - resident,1,no,yes,0
0 <= ... < 200 DM,24,existing credits paid back duly till now,car (used),2577,unknown/no savings account,... >= 7 years,2,male : single,none,3,real estate,41,none,own,1,skilled employee/official,1,yes,yes,1
no checking account,36,existing credits paid back duly till now,radio/television,7960,100 <= ... < 500 DM,... >= 7 years,3,female : divorced/separated/married,none,4,car or other,27,none,rent,1,unskilled - resident,1,yes,yes,1
no checking account,9,existing credits paid back duly till now,radio/television,2725,... < 100 DM,1 <= ... < 4 years,3,female : divorced/separated/married,none,3,real estate,38,bank,own,2,skilled employee/official,1,no,yes,1
no checking account,36,existing credits paid back duly till now at this bank,other,3874,... < 100 DM,... >= 7 years,2,female : divorced/separated/married,none,3,car or other,27,none,own,2,management/self-employed/highly qualified employee/officer,1,yes,yes,1
no checking account,18,critical account/other credits existing,car (new),1218,... < 100 DM,4 <= ... < 7 years,4,male : single,none,2,car or other,22,none,for free,2,skilled employee/official,1,yes,yes,1
no checking account,24,existing credits paid back duly till now,car (used),1108,... >= 1000 DM,1 <= ... < 4 years,4,female : divorced/separated/married,none,3,real estate,36,none,rent,2,management/self-employed/highly qualified employee/officer,1,yes,yes,1
... < 100 DM,24,existing credits paid back duly till now at this bank,radio/television,1743,... < 100 DM,1 <= ... < 4 years,1,male : divorced/separated,co-applicant,3,building society savings agreement/life insurance,38,none,own,2,management/self-employed/highly qualified employee/officer,1,yes,yes,1
>= 200 DM / salary assignments,48,existing credits paid back duly till now,furniture/equipment,3483,unknown/no savings account,1 <= ... < 4 years,2,female : divorced/separated/married,none,4,car or other,31,none,rent,2,skilled employee/official,1,yes,no,0
no checking account,24,existing credits paid back duly till now,domestic appliances,2398,... < 100 DM,4 <= ... < 7 years,3,male : married/widowed,none,2,car or other,39,none,rent,1,skilled employee/official,1,no,yes,1
no checking account,18,existing credits paid back duly till now,domestic appliances,5034,... < 100 DM,< 1 year,2,male : single,none,3,building society savings agreement/life insurance,26,none,own,1,skilled employee/official,1,no,yes,1
... < 100 DM,9,existing credits paid back duly till now,furniture/equipment,2058,... < 100 DM,4 <= ... < 7 years,4,male : single,none,2,car or other,38,none,own,4,skilled employee/official,1,no,yes,0
no checking account,72,existing credits paid back duly till now,furniture/equipment,1170,... < 100 DM,... >= 7 years,2,male : single,none,2,car or other,24,none,rent,1,skilled employee/official,1,no,yes,1
0 <= ... < 200 DM,6,existing credits paid back duly till now,radio/television,650,100 <= ... < 500 DM,< 1 year,2,female : divorced/separated/married,none,2,unknown/no property,46,none,rent,1,skilled employee/official,1,no,yes,1
no checking account,30,existing credits paid back duly till now at this bank,radio/television,3475,500 <= ... < 1000 DM,... >= 7 years,3,male : married/widowed,none,3,unknown/no property,37,none,rent,1,skilled employee/official,1,no,yes,1
0 <= ... < 200 DM,6,delay in paying off in the past,radio/television,2200,... < 100 DM,... >= 7 years,1,male : single,none,1,real estate,51,none,own,1,skilled employee/official,1,yes,no,1
no checking account,24,existing credits paid back duly till now at this bank,education,2629,... < 100 DM,4 <= ... < 7 years,1,male : single,none,3,car or other,35,none,rent,1,skilled employee/official,1,no,yes,1
... < 100 DM,36,delay in paying off in the past,furniture/equipment,1704,... < 100 DM,... >= 7 years,1,male : divorced/separated,none,1,building society savings agreement/life insurance,41,none,for free,2,skilled employee/official,2,no,yes,0
0 <= ... < 200 DM,24,existing credits paid back duly till now at this bank,domestic appliances,7501,... < 100 DM,... >= 7 years,3,female : divorced/separated/married,none,4,car or other,33,bank,own,1,skilled employee/official,1,yes,yes,1
0 <= ... < 200 DM,18,existing credits paid back duly till now,education,2515,... < 100 DM,1 <= ... < 4 years,4,female : divorced/separated/married,guarantor,3,building society savings agreement/life insurance,33,bank,rent,1,unskilled - resident,2,no,yes,0
... < 100 DM,36,existing credits paid back duly till now,radio/television,1630,... < 100 DM,1 <= ... < 4 years,4,male : single,none,2,car or other,52,none,own,2,skilled employee/official,1,yes,yes,0
... < 100 DM,24,existing credits paid back duly till now,furniture/equipment,3348,unknown/no savings account,4 <= ... < 7 years,2,male : single,none,3,real estate,31,none,own,2,unskilled - resident,1,no,yes,0
no checking account,48,existing credits paid back duly till now,furniture/equipment,3989,... < 100 DM,... >= 7 years,3,male : single,none,1,real estate,31,none,for free,2,management/self-employed/highly qualified employee/officer,1,yes,yes,1
>= 200 DM / salary assignments,48,critical account/other credits existing,radio/television,2949,unknown/no savings account,1 <= ... < 4 years,4,male : single,none,4,building society savings agreement/life insurance,47,none,own,1,unskilled - resident,1,yes,yes,0
... < 100 DM,18,existing credits paid back duly till now at this bank,car (new),2730,... < 100 DM,... >= 7 years,3,female : divorced/separated/married,none,3,car or other,47,bank,rent,1,skilled employee/official,2,no,yes,0
0 <= ... < 200 DM,24,existing credits paid back duly till now at this bank,radio/television,1824,... < 100 DM,4 <= ... < 7 years,2,male : single,none,4,car or other,44,none,own,2,unskilled - resident,2,yes,yes,1
no checking account,9,critical account/other credits existing,radio/television,1507,... < 100 DM,unemployed,2,female : divorced/separated/married,none,3,unknown/no property,45,none,own,1,skilled employee/official,1,yes,yes,1
no checking account,42,existing credits paid back duly till now,car (new),4184,100 <= ... < 500 DM,... >= 7 years,3,male : single,none,1,unknown/no property,28,none,rent,1,unskilled - resident,1,no,yes,1
no checking account,24,existing credits paid back duly till now,car (used),11792,... < 100 DM,... >= 7 years,2,female : divorced/separated/married,none,2,car or other,45,none,rent,2,unskilled - resident,1,yes,no,0
no checking account,18,existing credits paid back duly till now at this bank,radio/television,2088,... < 100 DM,1 <= ... < 4 years,3,female : divorced/separated/married,guarantor,3,unknown/no property,30,none,own,1,skilled employee/official,1,yes,yes,1
0 <= ... < 200 DM,36,existing credits paid back duly till now at this bank,education,4375,... < 100 DM,1 <= ... < 4 years,2,male : single,none,2,building society savings agreement/life insurance,33,none,own,2,unskilled - resident,1,yes,yes,1
0 <= ... < 200 DM,72,delay in paying off in the past,car (new),6084,... < 100 DM,... >= 7 years,2,male : single,none,4,building society savings agreement/life insurance,38,none,own,1,skilled employee/official,1,no,yes,0
no checking account,12,existing credits paid back duly till now,domestic appliances,866,... < 100 DM,1 <= ... < 4 years,1,female : divorced/separated/married,none,1,real estate,29,none,own,1,skilled employee/official,1,no,yes,1
no checking account,36,critical account/other credits existing,radio/television,1306,... < 100 DM,1 <= ... < 4 years,3,male : single,none,2,car or other,19,none,own,1,skilled employee/official,2,yes,no,1
0 <= ... < 200 DM,21,existing credits paid back duly till now,car (used),2335,... < 100 DM,... >= 7 years,4,female : divorced/separated/married,none,3,real estate,48,none,own,2,skilled employee/official,1,no,yes,1
no checking account,12,existing credits paid back duly till now,repairs,4393,... < 100 DM,< 1 year,2,male : married/widowed,none,3,car or other,34,none,own,1,skilled employee/official,1,no,yes,1
no checking account,36,existing credits paid back duly till now,car (new),1554,... < 100 DM,4 <= ... < 7 years,4,male : single,none,3,building society savings agreement/life insurance,34,none,own,2,management/self-employed/highly qualified employee/officer,1,no,yes,1
... < 100 DM,48,critical account/other credits existing,car (new),2758,... >= 1000 DM,1 <= ... < 4 years,4,male : single,none,2,real estate,30,none,for free,1,unemployed/unskilled - non-resident,1,yes,yes,1
... < 100 DM,30,existing credits paid back duly till now,education,11259,unknown/no savings account,< 1 year,1,female : divorced/separated/married,co-applicant,3,real estate,21,none,own,1,management/self-employed/highly qualified employee/officer,1,no,yes,0
>= 200 DM / salary assignments,24,critical account/other credits existing,car (new),4257,100 <= ... < 500 DM,... >= 7 years,2,male : married/widowed,none,4,car or other,66,none,own,1,unemployed/unskilled - non-resident,1,yes,yes,1
0 <= ... < 200 DM,24,existing credits paid back duly till now at this bank,radio/television,668,... < 100 DM,< 1 year,2,male : single,none,3,building society savings agreement/life insurance,51,none,rent,2,skilled employee/official,1,yes,yes,1
0 <= ... < 200 DM,18,delay in paying off in the past,radio/television,956,... < 100 DM,1 <= ... < 4 years,3,male : single,none,3,building society savings agreement/life insurance,20,none,own,1,skilled employee/official,1,no,no,0
>= 200 DM / salary assignments,18,existing credits paid back duly till now,repairs,1648,... < 100 DM,... >= 7 years,2,female : divorced/separated/married,none,1,car or other,40,none,own,2,skilled employee/official,1,no,yes,1
0 <= ... < 200 DM,18,existing credits paid back duly till now at this bank,furniture/equipment,3308,... < 100 DM,... >= 7 years,2,female : divorced/separated/married,none,1,unknown/no property,26,none,for free,2,unskilled - resident,2,yes,yes,1
... < 100 DM,12,critical account/other credits existing,furniture/equipment,1979,... < 100 DM,... >= 7 years,2,male : divorced/separated,none,1,car or other,42,none,own,1,skilled employee/official,1,no,yes,1
no checking account,42,critical account/other credits existing,radio/television,1764,... < 100 DM,unemployed,3,female : divorced/separated/married,none,1,unknown/no property,39,none,own,2,skilled employee/official,1,yes,yes,1
no checking account,21,delay in paying off in the past,radio/television,2898,100 <= ... < 500 DM,4 <= ... < 7 years,2,female : divorced/separated/married,none,2,real estate,56,none,own,2,management/self-employed/highly qualified employee/officer,1,no,yes,1
... < 100 DM,18,critical account/other credits existing,car (new),2642,... < 100 DM,... >= 7 years,2,female : divorced/separated/married,none,3,building society savings agreement/life insurance,23,bank,for free,1,skilled employee/official,1,no,no,1
... < 100 DM,24,existing credits paid back duly till now,car (used),4262,500 <= ... < 1000 DM,4 <= ... < 7 years,2,female : divorced/separated/married,co-applicant,2,building society savings agreement/life insurance,28,none,own,1,skilled employee/official,1,yes,yes,1
0 <= ... < 200 DM,6,delay in paying off in the past,car (used),774,500 <= ... < 1000 DM,1 <= ... < 4 years,2,female : divorced/separated/married,none,2,real estate,34,none,own,2,management/self-employed/highly qualified employee/officer,1,no,yes,0
>= 200 DM / salary assignments,12,existing credits paid back duly till now,car (new),9276,... < 100 DM,4 <= ... < 7 years,1,female : divorced/separated/married,none,2,real estate,46,none,own,1,management/self-employed/highly qualified employee/officer,1,yes,yes,1
... < 100 DM,30,existing credits paid back duly till now,furniture/equipment,1558,... < 100 DM,4 <= ... < 7 years,2,male : single,none,2,car or other,21,bank,own,1,skilled employee/official,1,yes,yes,0
no checking account,12,existing credits paid back duly till now,other,800,100 <= ... < 500 DM,4 <= ... < 7 years,2,male : single,none,1,building society savings agreement/life insurance,42,none,for free,2,skilled employee/official,1,no,yes,1
no checking account,36,delay in paying off in the past,repairs,4395,... < 100 DM,< 1 year,1,female : divorced/separated/married,none,3,car or other,28,bank,rent,1,management/self-employed/highly qualified employee/officer,1,no,yes,0
... < 100 DM,18,existing credits paid back duly till now,furniture/equipment,3256,... < 100 DM,1 <= ... < 4 years,2,male : single,none,3,real estate,31,none,own,2,skilled employee/official,1,no,yes,1
... < 100 DM,30,critical account/other credits existing,domestic appliances,1282,unknown/no savings account,< 1 year,3,male : single,none,3,car or other,38,none,rent,2,skilled employee/official,1,no,yes,0
no checking account,30,existing credits paid back duly till now,car (new),2581,unknown/no savings account,4 <= ... < 7 years,2,male : single,none,4,building society savings agreement/life insurance,30,none,own,1,skilled employee/official,2,no,yes,1
0 <= ... < 200 DM,54,existing credits paid back duly till now,retraining,4860,... >= 1000 DM,... >= 7 years,1,male : single,none,3,car or other,25,bank,own,1,skilled employee/official,1,no,yes,1
no checking account,12,critical account/other credits existing,domestic appliances,6807,500 <= ... < 1000 DM,4 <= ... < 7 years,4,female : divorced/separated/married,guarantor,2,unknown/no property,27,none,for free,1,unskilled - resident,1,no,yes,1
0 <= ... < 200 DM,24,no credits taken/all credits paid back duly,car (new),1026,... >= 1000 DM,1 <= ... < 4 years,2,female : divorced/separated/married,none,3,real estate,49,none,own,2,management/self-employed/highly qualified employee/officer,1,no,yes,1
no checking account,12,existing credits paid back duly till now,education,953,... < 100 DM,... >= 7 years,3,male : divorced/separated,none,4,unknown/no property,41,none,own,3,management/self-employed/highly qualified employee/officer,1,no,yes,1
no checking account,36,existing credits paid back duly till now,education,1742,... < 100 DM,... >= 7 years,1,female : divorced/separated/married,none,1,unknown/no property,38,none,own,1,skilled employee/official,1,yes,yes,1
no checking account,24,existing credits paid back duly till now,radio/television,2359,unknown/no savings account,1 <= ... < 4 years,2,female : divorced/separated/married,none,3,car or other,42,none,own,1,management/self-employed/highly qualified employee/officer,1,no,yes,1
0 <= ... < 200 DM,12,existing credits paid back duly till now,radio/television,13675,... < 100 DM,1 <= ... < 4 years,4,female : divorced/separated/married,none,4,building society savings agreement/life insurance,38,none,rent,2,unskilled - resident,1,yes,no,1
0 <= ... < 200 DM,24,no credits taken/all credits paid back duly,domestic appliances,2722,500 <= ... < 1000 DM,1 <= ... < 4 years,3,male : single,none,3,unknown/no property,39,none,own,1,skilled employee/official,1,yes,yes,1
... < 100 DM,42,no credits taken/all credits paid back duly,car (new),1236,... < 100 DM,... >= 7 years,3,male : single,none,2,car or other,32,none,own,2,unskilled - resident,2,no,yes,1
0 <= ... < 200 DM,12,critical account/other credits existing,car (used),3514,... < 100 DM,... >= 7 years,3,male : single,none,1,real estate,22,none,own,1,unemployed/unskilled - non-resident,1,no,yes,1
no checking account,42,existing credits paid back duly till now,repairs,2276,unknown/no savings account,... >= 7 years,2,female : divorced/separated/married,none,2,building society savings agreement/life insurance,28,none,rent,1,skilled employee/official,1,yes,yes,1
... < 100 DM,21,existing credits paid back duly till now,radio/television,1683,... < 100 DM,1 <= ... < 4 years,2,male : single,none,1,car or other,26,none,own,3,unskilled - resident,1,no,yes,0
no checking account,36,critical account/other credits existing,car (new),2212,unknown/no savings account,1 <= ... < 4 years,2,male : single,none,4,car or other,39,none,own,1,unskilled - resident,1,no,yes,1
0 <= ... < 200 DM,15,delay in paying off in the past,radio/television,2701,100 <= ... < 500 DM,4 <= ... < 7 years,4,female : divorced/separated/married,none,1,real estate,25,none,rent,1,skilled employee/official,1,yes,yes,0
0 <= ... < 200 DM,24,no credits taken/all credits paid back duly,car (new),4003,... < 100 DM,... >= 7 years,4,female : divorced/separated/married,none,2,building society savings agreement/life insurance,42,none,own,1,management/self-employed/highly qualified employee/officer,1,no,yes,0
... < 100 DM,18,existing credits paid back duly till now,radio/television,5630,... < 100 DM,... >= 7 years,1,male : single,none,4,car or other,59,none,own,2,unskilled - resident,1,yes,yes,1
... < 100 DM,18,existing credits paid back duly till now at this bank,education,3002,unknown/no savings account,1 <= ... < 4 years,2,male : single,none,3,car or other,24,none,own,1,unskilled - resident,1,no,yes,0
0 <= ... < 200 DM,18,existing credits paid back duly till now,furniture/equipment,1144,500 <= ... < 1000 DM,... >= 7 years,2,male : divorced/separated,none,1,building society savings agreement/life insurance,36,none,for free,2,skilled employee/official,1,no,yes,1
... < 100 DM,18,existing credits paid back duly till now,car (new),3377,... < 100 DM,... >= 7 years,3,male : single,none,4,unknown/no property,33,none,rent,2,skilled employee/official,1,yes,no,0
0 <= ... < 200 DM,24,existing credits paid back duly till now,car (new),1119,... < 100 DM,1 <= ... < 4 years,3,female : divorced/separated/married,none,4,car or other,58,bank,own,2,unskilled - resident,1,no,yes,1
no checking account,12,delay in paying off in the past,repairs,1814,... >= 1000 DM,1 <= ... < 4 years,2,male : single,none,4,building society savings agreement/life insurance,37,none,own,1,unskilled - resident,1,no,yes,1
no checking account,36,existing credits paid back duly till now,car (new),2412,unknown/no savings account,1 <= ... < 4 years,2,male : single,none,2,car or other,20,none,own,2,skilled employee/official,1,no,yes,1
... < 100 DM,24,existing credits paid back duly till now at this bank,car (used),1124,... < 100 DM,... >= 7 years,3,male : single,co-applicant,2,car or other,44,none,own,2,skilled employee/official,2,no,yes,0
no checking account,18,existing credits paid back duly till now,radio/television,1108,... < 100 DM,4 <= ... < 7 years,2,male : single,none,1,unknown/no property,42,none,own,1,skilled employee/official,1,no,yes,1
>= 200 DM / salary assignments,48,delay in paying off in the past,furniture/equipment,5918,unknown/no savings account,unemployed,3,male : single,none,2,unknown/no property,26,none,own,2,management/self-employed/highly qualified employee/officer,1,no,yes,0
... < 100 DM,12,existing credits paid back duly till now,car (new),2076,... < 100 DM,... >= 7 years,4,female : divorced/separated/married,none,3,building society savings agreement/life insurance,32,none,for free,1,management/self-employed/highly qualified employee/officer,1,yes,yes,0
0 <= ... < 200 DM,18,existing credits paid back duly till now,domestic appliances,795,... < 100 DM,1 <= ... < 4 years,4,male : single,none,2,real estate,57,none,own,1,skilled employee/official,1,yes,yes,1
no checking account,12,existing credits paid back duly till now,furniture/equipment,6470,500 <= ... < 1000 DM,unemployed,4,male : single,none,1,car or other,45,none,own,2,unskilled - resident,2,no,yes,1
0 <= ... < 200 DM,12,existing credits paid back duly till now,domestic appliances,5088,... < 100 DM,< 1 year,4,female : divorced/separated/married,none,3,unknown/no property,39,none,rent,2,skilled employee/official,1,yes,yes,0
>= 200 DM / salary assignments,6,existing credits paid back duly till now,domestic appliances,1485,... < 100 DM,4 <= ... < 7 years,2,male : single,none,2,building society savings agreement/life insurance,35,stores,for free,2,skilled employee/official,1,no,yes,1
no checking account,15,existing credits paid back duly till now,car (new),1399,... < 100 DM,1 <= ... < 4 years,2,female : divorced/separated/married,none,3,building society savings agreement/life insurance,41,bank,own,1,management/self-employed/highly qualified employee/officer,1,no,yes,1
0 <= ... < 200 DM,36,existing credits paid back duly till now,furniture/equipment,1750,500 <= ... < 1000 DM,... >= 7 years,2,male : single,none,4,building society savings agreement/life insurance,60,none,own,3,management/self-employed/highly qualified employee/officer,1,no,yes,0
no checking account,9,critical account/other credits existing,car (new),914,100 <= ... < 500 DM,4 <= ... < 7 years,2,female : divorced/separated/married,none,3,building society savings agreement/life insurance,28,none,own,1,skilled employee/official,2,yes,yes,1
0 <= ... < 200 DM,24,existing credits paid back duly till now,domestic appliances,1629,500 <= ... < 1000 DM,4 <= ... < 7 years,2,female : divorced/separated/married,none,2,car or other,24,none,own,2,management/self-employed/highly qualified employee/officer,2,no,no,1
... < 100 DM,12,existing credits paid back duly till now at this bank,car (new),5180,... < 100 DM,1 <= ... < 4 years,4,male : single,co-applicant,4,unknown/no property,22,none,own,1,unskilled - resident,1,no,yes,0
0 <= ... < 200 DM,18,existing credits paid back duly till now,car (new),5436,... < 100 DM,1 <= ... < 4 years,2,male : single,none,3,building society savings agreement/life insurance,21,none,own,1,skilled employee/official,1,yes,yes,0
no checking account,18,existing credits paid back duly till now,furniture/equipment,4414,... < 100 DM,1 <= ... < 4 years,4,female : divorced/separated/married,none,3,building society savings agreement/life insurance,30,none,own,2,management/self-employed/highly qualified employee/officer,1,no,yes,1
... < 100 DM,42,existing credits paid back duly till now,education,3607,500 <= ... < 1000 DM,< 1 year,3,male : single,none,1,car or other,44,none,own,1,skilled employee/official,1,yes,yes,1
0 <= ... < 200 DM,36,critical account/other credits existing,car (new),872,100 <= ... < 500 DM,1 <= ... < 4 years,4,male : single,none,2,building society savings agreement/life insurance,53,none,rent,1,skilled employee/official,1,yes,yes,0
no checking account,36,existing credits paid back duly till now at this bank,radio/television,6402,500 <= ... < 1000 DM,1 <= ... < 4 years,3,female : divorced/separated/married,none,3,car or other,49,none,own,2,skilled employee/official,1,no,yes,1
... < 100 DM,12,existing credits paid back duly till now,radio/television,1358,unknown/no savings account,1 <= ... < 4 years,2,female : divorced/separated/married,none,2,car or other,21,none,own,1,skilled employee/official,1,no,yes,1
no checking account,4,critical account/other credits existing,radio/television,3790,... < 100 DM,1 <= ... < 4 years,2,male : single,none,3,building society savings agreement/life insurance,20,none,own,1,skilled employee/official,1,yes,yes,1
... < 100 DM,48,existing credits paid back duly till now,furniture/equipment,4255,... < 100 DM,1 <= ... < 4 years,4,female : divorced/separated/married,none,3,car or other,31,none,rent,1,skilled employee/official,1,yes,yes,0
... < 100 DM,60,existing credits paid back duly till now,radio/television,1481,... < 100 DM,1 <= ... < 4 years,2,male : single,none,3,car or other,66,bank,own,1,management/self-employed/highly qualified employee/officer,1,yes,yes,0
0 <= ... < 200 DM,12,existing credits paid back duly till now at this bank,radio/television,2228,... < 100 DM,1 <= ... < 4 years,3,female : divorced/separated/married,none,3,car or other,55,none,own,1,skilled employee/official,1,no,yes,1
no checking account,12,existing credits paid back duly till now at this bank,car (new),1043,... < 100 DM,1 <= ... < 4 years,3,male : single,none,1,building society savings agreement/life insurance,57,none,own,2,skilled employee/official,1,yes,yes,1
no checking account,18,delay in paying off in the past,repairs,1057,unknown/no savings account,... >= 7 years,1,female : divorced/separated/married,co-applicant,3,car or other,27,none,own,1,unskilled - resident,1,yes,yes,1
... < 100 DM,42,no credits taken/all credits paid back duly,domestic appliances,1600,... < 100 DM,1 <= ... < 4 years,2,male : single,none,3,car or other,45,none,own,1,management/self-employed/highly qualified employee/officer,1,no,yes,1
0 <= ... < 200 DM,18,existing credits paid back duly till now,furniture/equipment,3073,100 <= ... < 500 DM,< 1 year,3,female : divorced/separated/married,none,4,car or other,45,none,own,2,unemployed/unskilled - non-resident,1,yes,yes,1
no checking account,24,existing credits paid back duly till now at this bank,furniture/equipment,1997,... < 100 DM,1 <= ... < 4 years,3,male : single,none,1,real estate,44,none,own,2,skilled employee/official,1,no,yes,1
no checking account,15,existing credits paid back duly till now,car (new),1712,unknown/no savings account,1 <= ... < 4 years,2,male : single,none,3,car or other,54,none,own,1,unskilled - resident,1,no,yes,1
no checking account,24,critical account/other credits existing,radio/television,6219,... < 100 DM,4 <= ... < 7 years,4,male : single,none,3,building society savings agreement/life insurance,19,none,own,1,skilled employee/official,1,yes,yes,1
0 <= ... < 200 DM,42,existing credits paid back duly till now,radio/television,6571,... < 100 DM,... >= 7 years,4,female : divorced/separated/married,none,1,car or other,22,none,own,1,management/self-employed/highly qualified employee/officer,1,no,yes,0
no checking account,24,critical account/other credits existing,car (new),4082,... < 100 DM,... >= 7 years,1,male : single,none,3,building society savings agreement/life insurance,25,none,own,2,skilled employee/official,1,no,yes,1
0 <= ... < 200 DM,24,existing credits paid back duly till now,furniture/equipment,1740,100 <= ... < 500 DM,1 <= ... < 4 years,2,male : married/widowed,none,1,real estate,36,none,own,1,skilled employee/official,1,no,yes,1
no checking account,42,critical account/other credits existing,furniture/equipment,1665,unknown/no savings account,unemployed,3,male : single,none,2,building society savings agreement/life insurance,22,bank,for free,1,skilled employee/official,1,no,yes,1
0 <= ... < 200 DM,6,existing credits paid back duly till now,car (new),2100,... < 100 DM,1 <= ... < 4 years,4,female : divorced/separated/married,none,4,real estate,31,none,rent,1,skilled employee/official,1,no,yes,1
no checking account,72,existing credits paid back duly till now at this bank,car (used),2451,... < 100 DM,1 <= ... < 4 years,4,male : married/widowed,none,2,building society savings agreement/life insurance,43,none,own,2,skilled employee/official,1,no,yes,0
... < 100 DM,21,delay in paying off in the past,education,920,unknown/no savings account,1 <= ... < 4 years,2,male : single,none,3,car or other,19,none,own,1,management/self-employed/highly qualified employee/officer,2,no,yes,0
0 <= ... < 200 DM,36,existing credits paid back duly till now,repairs,2174,unknown/no savings account,< 1 year,1,male : single,none,2,car or other,43,none,own,1,skilled employee/official,1,no,no,1
0 <= ... < 200 DM,12,critical account/other credits existing,car (used),4788,unknown/no savings account,1 <= ... < 4 years,2,female : divorced/separated/married,none,1,car or other,54,bank,own,1,skilled employee/official,1,yes,yes,0
... < 100 DM,36,existing credits paid back duly till now,car (used),1372,... < 100 DM,1 <= ... < 4 years,2,male : single,none,1,real estate,27,none,rent,1,skilled employee/official,1,no,yes,0
0 <= ... < 200 DM,9,existing credits paid back duly till now,radio/television,3914,... < 100 DM,... >= 7 years,3,female : divorced/separated/married,none,2,car or other,51,stores,rent,1,management/self-employed/highly qualified employee/officer,1,yes,yes,1
... < 100 DM,48,existing credits paid back duly till now,repairs,1644,... < 100 DM,... >= 7 years,2,male : single,none,1,building society savings agreement/life insurance,31,bank,for free,4,unskilled - resident,1,yes,yes,0
... < 100 DM,6,existing credits paid back duly till now,car (new),5895,... < 100 DM,1 <= ... < 4 years,2,male : single,none,2,car or other,37,stores,own,1,skilled employee/official,1,no,yes,0
0 <= ... < 200 DM,9,existing credits paid back duly till now,radio/television,2470,... < 100 DM,1 <= ... < 4 years,2,male : single,none,3,building society savings agreement/life insurance,19,none,rent,1,skilled employee/official,1,yes,yes,0
>= 200 DM / salary assignments,24,existing credits paid back duly till now,car (new),2243,... < 100 DM,... >= 7 years,1,female : divorced/separated/married,none,3,car or other,46,none,own,2,skilled employee/official,1,no,yes,0
no checking account,12,existing credits paid back duly till now at this bank,radio/television,792,100 <= ... < 500 DM,< 1 year,3,male : single,none,3,building society savings agreement/life insurance,42,none,rent,1,skilled employee/official,1,no,yes,1
0 <= ... < 200 DM,18,no credits taken/all credits paid back duly,furniture/equipment,1291,... < 100 DM,1 <= ... < 4 years,3,male : divorced/separated,none,2,car or other,46,none,own,2,skilled employee/official,1,no,yes,1
no checking account,6,critical account/other credits existing,repairs,3214,unknown/no savings account,< 1 year,2,male : single,guarantor,4,real estate,44,none,own,1,skilled employee/official,1,no,yes,1
0 <= ... < 200 DM,4,existing credits paid back duly till now,radio/television,1324,... < 100 DM,4 <= ... < 7 years,1,male : single,none,4,car or other,41,none,own,1,unskilled - resident,1,yes,yes,1
no checking account,6,existing credits paid back duly till now at this bank,car (used),1409,... < 100 DM,4 <= ... < 7 years,3,male : single,none,4,real estate,34,none,own,2,skilled employee/official,1,no,yes,1
0 <= ... < 200 DM,18,no credits taken/all credits paid back duly,education,2827,... < 100 DM,1 <= ... < 4 years,3,female : divorced/separated/married,none,1,car or other,33,none,rent,1,skilled employee/official,1,no,yes,1
no checking account,72,existing credits paid back duly till now,domestic appliances,1107,100 <= ... < 500 DM,1 <= ... < 4 years,2,male : single,none,3,car or other,21,none,own,1,unskilled - resident,1,no,yes,1
no checking account,30,existing credits paid back duly till now,radio/television,780,... < 100 DM,unemployed,1,male : single,none,2,car or other,36,none,own,1,management/self-employed/highly qualified employee/officer,1,yes,yes,1
no checking account,18,existing credits paid back duly till now at this bank,radio/television,1728,... < 100 DM,... >= 7 years,4,female : divorced/separated/married,none,3,real estate,33,bank,own,1,skilled employee/official,1,no,yes,1
no checking account,6,existing credits paid back duly till now at this bank,car (used),4051,unknown/no savings account,... >= 7 years,3,male : married/widowed,none,3,real estate,19,none,rent,1,management/self-employed/highly qualified employee/officer,1,no,yes,1
no checking account,18,critical account/other credits existing,car (used),677,... < 100 DM,4 <= ... < 7 years,3,male : divorced/separated,co-applicant,2,real estate,48,none,own,2,skilled employee/official,1,no,yes,1
0 <= ... < 200 DM,21,existing credits paid back duly till now,furniture/equipment,3069,unknown/no savings account,1 <= ... < 4 years,4,male : single,none,3,building society savings agreement/life insurance,35,none,own,1,skilled employee/official,2,no,yes,0
... < 100 DM,18,critical account/other credits existing,domestic appliances,1290,unknown/no savings account,... >= 7 years,2,male : single,none,3,car or other,19,none,own,1,management/self-employed/highly qualified employee/officer,1,no,yes,1
... < 100 DM,24,existing credits paid back duly till now at this bank,vacation,2972,... < 100 DM,... >= 7 years,2,male : single,none,1,real estate,19,none,own,2,unskilled - resident,1,yes,yes,0
no checking account,30,existing credits paid back duly till now,radio/television,3095,100 <= ... < 500 DM,< 1 year,1,male : single,none,2,real estate,33,none,own,1,skilled employee/official,1,no,yes,1
no checking account,12,existing credits paid back duly till now,domestic appliances,2036,unknown/no savings account,1 <= ... < 4 years,1,male : single,none,4,car or other,39,none,own,1,skilled employee/official,1,yes,yes,0
... < 100 DM,30,critical account/other credits existing,education,4028,... < 100 DM,... >= 7 years,3,male : single,none,3,real estate,42,none,rent,1,management/self-employed/highly qualified employee/officer,2,no,yes,1
no checking account,72,existing credits paid back duly till now,furniture/equipment,2343,100 <= ... < 500 DM,4 <= ... < 7 years,4,male : single,none,3,real estate,19,none,own,1,unskilled - resident,1,no,yes,1
0 <= ... < 200 DM,36,existing credits paid back duly till now,domestic appliances,2703,... < 100 DM,4 <= ... < 7 years,3,male : single,guarantor,4,real estate,41,none,own,1,unskilled - resident,2,no,yes,1
no checking account,42,critical account/other credits existing,car (used),555,... < 100 DM,4 <= ... < 7 years,2,male : single,none,1,real estate,42,none,own,1,unemployed/unskilled - non-resident,1,yes,yes,1
... < 100 DM,24,delay in paying off in the past,car (new),1318,500 <= ... < 1000 DM,< 1 year,3,male : single,none,4,real estate,42,none,own,1,unskilled - resident,1,no,yes,0
no checking account,12,existing credits paid back duly till now,radio/television,1544,... < 100 DM,1 <= ... < 4 years,1,male : single,guarantor,3,real estate,26,bank,for free,2,skilled employee/official,1,yes,yes,1
no checking account,24,existing credits paid back duly till now,education,2618,... < 100 DM,... >= 7 years,4,male : single,none,3,real estate,37,none,own,1,unskilled - resident,1,no,yes,1
no checking account,18,critical account/other credits existing,radio/television,3167,unknown/no savings account,1 <= ... < 4 years,3,male : single,none,2,real estate,40,none,own,1,skilled employee/official,2,yes,yes,1
>= 200 DM / salary assignments,36,existing credits paid back duly till now at this bank,radio/television,1404,... < 100 DM,1 <= ... < 4 years,2,female : divorced/separated/married,none,3,real estate,40,bank,own,2,skilled employee/official,1,no,yes,1
>= 200 DM / salary assignments,24,delay in paying off in the past,furniture/equipment,5041,100 <= ... < 500 DM,1 <= ... < 4 years,2,female : divorced/separated/married,none,3,real estate,37,none,for free,2,skilled employee/official,1,yes,yes,0
... < 100 DM,18,existing credits paid back duly till now,furniture/equipment,2559,unknown/no savings account,... >= 7 years,2,male : married/widowed,none,2,car or other,39,none,for free,2,unskilled - resident,1,yes,yes,0
no checking account,30,existing credits paid back duly till now at this bank,radio/television,2599,... < 100 DM,1 <= ... < 4 years,3,female : divorced/separated/married,none,3,real estate,55,none,for free,3,skilled employee/official,1,no,yes,1
0 <= ... < 200 DM,18,no credits taken/all credits paid back duly,domestic appliances,6029,... < 100 DM,< 1 year,2,female : divorced/separated/married,none,1,building society savings agreement/life insurance,45,none,own,2,management/self-employed/highly qualified employee/officer,1,yes,yes,1
0 <= ... < 200 DM,36,existing credits paid back duly till now,domestic appliances,2358,unknown/no savings account,4 <= ... < 7 years,2,female : divorced/separated/married,guarantor,4,building society savings agreement/life insurance,40,none,rent,1,management/self-employed/highly qualified employee/officer,1,yes,yes,1
0 <= ... < 200 DM,18,critical account/other credits existing,car (used),5058,... < 100 DM,< 1 year,1,male : single,none,4,building society savings agreement/life insurance,39,none,rent,1,skilled employee/official,1,no,yes,1
no checking account,12,delay in paying off in the past,car (new),2988,unknown/no savings account,... >= 7 years,2,male : single,none,4,car or other,28,none,own,1,management/self-employed/highly qualified employee/officer,1,yes,yes,1
no checking account,24,critical account/other credits existing,domestic appliances,1963,... < 100 DM,4 <= ... < 7 years,2,female : divorced/separated/married,none,4,real estate,43,none,own,1,skilled employee/official,1,no,yes,1
0 <= ... < 200 DM,21,delay in paying off in the past,furniture/equipment,2790,... < 100 DM,unemployed,2,male : single,co-applicant,3,real estate,41,none,own,2,skilled employee/official,1,yes,yes,1
0 <= ... < 200 DM,36,existing credits paid back duly till now,domestic appliances,1141,100 <= ... < 500 DM,1 <= ... < 4 years,4,male : single,none,3,real estate,48,none,rent,1,management/self-employed/highly qualified employee/officer,1,no,yes,1
... < 100 DM,12,delay in paying off in the past,radio/television,8956,unknown/no savings account,1 <= ... < 4 years,2,male : single,none,3,car or other,49,bank,own,1,management/self-employed/highly qualified employee/officer,1,no,yes,0
no checking account,12,existing credits paid back duly till now at this bank,furniture/equipment,3225,... < 100 DM,4 <= ... < 7 years,3,male : married/widowed,none,3,car or other,23,none,own,1,skilled employee/official,2,no,no,1
no checking account,36,critical account/other credits existing,car (new),4851,... < 100 DM,... >= 7 years,3,female : divorced/separated/married,none,3,real estate,20,none,own,1,skilled employee/official,1,no,yes,1
0 <= ... < 200 DM,24,existing credits paid back duly till now,repairs,3045,... < 100 DM,... >= 7 years,2,female : divorced/separated/married,none,3,car or other,47,stores,for free,2,unskilled - resident,1,yes,yes,1
no checking account,36,existing credits paid back duly till now,car (new),1071,... < 100 DM,... >= 7 years,1,male : single,none,2,building society savings agreement/life insurance,36,none,own,1,management/self-employed/highly qualified employee/officer,2,no,yes,1
no checking account,18,delay in paying off in the past,radio/television,1336,... < 100 DM,1 <= ... < 4 years,3,male : single,none,2,unknown/no property,26,none,own,2,skilled employee/official,1,yes,yes,1
0 <= ... < 200 DM,12,existing credits paid back duly till now,furniture/equipment,1377,... >= 1000 DM,< 1 year,3,male : single,none,4,real estate,19,none,own,1,skilled employee/official,1,no,yes,1
no checking account,12,existing credits paid back duly till now at this bank,car (new),11528,... < 100 DM,4 <= ... < 7 years,1,male : single,none,3,building society savings agreement/life insurance,42,stores,rent,2,skilled employee/official,1,yes,yes,1
... < 100 DM,72,existing credits paid back duly till now,car (used),3626,... < 100 DM,... >= 7 years,4,male : single,none,2,building society savings agreement/life insurance,34,none,own,1,skilled employee/official,1,no,yes,0
no checking account,72,existing credits paid back duly till now,car (used),2759,100 <= ... < 500 DM,... >= 7 years,3,male : single,none,3,building society savings agreement/life insurance,24,none,for free,2,management/self-employed/highly qualified employee/officer,1,no,yes,1
0 <= ... < 200 DM,24,existing credits paid back duly till now,car (used),805,... < 100 DM,1 <= ... < 4 years,4,male : single,none,3,building society savings agreement/life insurance,52,none,own,3,skilled employee/official,1,no,yes,1
no checking account,48,critical account/other credits existing,furniture/equipment,6249,unknown/no savings account,< 1 year,3,male : married/widowed,none,4,unknown/no property,37,none,rent,1,unskilled - resident,1,no,yes,1
no checking account,9,existing credits paid back duly till now at this bank,car (new),3938,... < 100 DM,1 <= ... < 4 years,3,male : single,none,4,car or other,38,none,own,1,skilled employee/official,1,yes,yes,1
0 <= ... < 200 DM,48,existing credits paid back duly till now,radio/television,1059,100 <= ... < 500 DM,4 <= ... < 7 years,4,male : single,none,3,car or other,50,none,rent,2,management/self-employed/highly qualified employee/officer,2,no,yes,1
no checking account,48,existing credits paid back duly till now,retraining,2044,... < 100 DM,... >= 7 years,2,female : divorced/separated/married,none,4,building society savings agreement/life insurance,45,none,own,1,unskilled - resident,1,yes,yes,1
... < 100 DM,18,delay in paying off in the past,business,7307,500 <= ... < 1000 DM,1 <= ... < 4 years,2,female : divorced/separated/married,none,3,building society savings agreement/life insurance,35,bank,own,4,skilled employee/official,1,no,yes,0
>= 200 DM / salary assignments,60,existing credits paid back duly till now,car (new),7186,... < 100 DM,4 <= ... < 7 years,3,male : single,none,4,unknown/no property,19,stores,own,1,skilled employee/official,1,yes,yes,0
0 <= ... < 200 DM,36,existing credits paid back duly till now,furniture/equipment,13953,... < 100 DM,1 <= ... < 4 years,1,male : single,none,3,unknown/no property,52,none,own,1,management/self-employed/highly qualified employee/officer,1,no,yes,1
no checking account,42,existing credits paid back duly till now at this bank,radio/television,707,... < 100 DM,1 <= ... < 4 years,4,male : single,none,1,building society savings agreement/life insurance,19,none,own,2,skilled employee/official,1,yes,yes,1
no checking account,12,existing credits paid back duly till now,radio/television,1039,... < 100 DM,1 <= ... < 4 years,4,male : single,none,4,building society savings agreement/life insurance,33,none,own,1,skilled employee/official,1,no,yes,1
... < 100 DM,60,existing credits paid back duly till now,radio/television,5475,... < 100 DM,1 <= ... < 4 years,3,male : divorced/separated,none,4,car or other,26,none,rent,2,skilled employee/official,1,no,yes,0
... < 100 DM,24,existing credits paid back duly till now,car (new),1777,... < 100 DM,< 1 year,3,female : divorced/separated/married,none,3,car or other,49,none,rent,1,skilled employee/official,1,yes,yes,0
no checking account,36,existing credits paid back duly till now,education,1794,... < 100 DM,unemployed,1,female : divorced/separated/married,none,1,car or other,40,stores,own,1,skilled employee/official,2,no,yes,1
no checking account,18,existing credits paid back duly till now at this bank,domestic appliances,1615,100 <= ... < 500 DM,... >= 7 years,2,female : divorced/separated/married,none,4,real estate,38,none,own,1,skilled employee/official,1,yes,yes,1
0 <= ... < 200 DM,12,existing credits paid back duly till now at this bank,car (new),3080,... < 100 DM,4 <= ... < 7 years,2,male : married/widowed,none,3,building society savings agreement/life insurance,22,bank,own,1,skilled employee/official,1,no,yes,1
no checking account,12,critical account/other credits existing,car (new),2377,... < 100 DM,1 <= ... < 4 years,2,female : divorced/separated/married,none,3,unknown/no property,28,bank,own,1,skilled employee/official,1,yes,yes,1
... < 100 DM,4,existing credits paid back duly till now at this bank,car (new),1394,... < 100 DM,< 1 year,4,female : divorced/separated/married,none,3,car or other,49,none,for free,2,unskilled - resident,1,yes,yes,0
0 <= ... < 200 DM,36,existing credits paid back duly till now,car (new),950,... < 100 DM,... >= 7 years,3,male : single,none,3,car or other,35,none,own,1,unskilled - resident,1,no,yes,1
... < 100 DM,30,existing credits paid back duly till now,car (new),6211,... < 100 DM,4 <= ... < 7 years,2,male : married/widowed,none,3,car or other,31,none,rent,1,skilled employee/official,1,yes,yes,0
0 <= ... < 200 DM,6,existing credits paid back duly till now,car (new),2518,unknown/no savings account,1 <= ... < 4 years,4,male : single,none,2,building society savings agreement/life insurance,44,none,own,1,unemployed/unskilled - non-resident,1,no,yes,0
no checking account,12,existing credits paid back duly till now,education,835,500 <= ... < 1000 DM,1 <= ... < 4 years,3,female : divorced/separated/married,guarantor,3,real estate,41,none,own,1,unskilled - resident,1,no,yes,1
... < 100 DM,72,existing credits paid back duly till now,furniture/equipment,3139,... < 100 DM,< 1 year,3,male : divorced/separated,none,2,car or other,32,none,rent,1,skilled employee/official,1,yes,yes,0
no checking account,48,delay in paying off in the past,furniture/equipment,4635,... < 100 DM,unemployed,2,male : single,none,2,building society savings agreement/life insurance,37,none,rent,1,skilled employee/official,1,no,no,0
... < 100 DM,24,existing credits paid back duly till now,radio/television,3266,500 <= ... < 1000 DM,1 <= ... < 4 years,3,female : divorced/separated/married,none,3,car or other,61,stores,own,1,skilled employee/official,1,no,yes,0
>= 200 DM / salary assignments,30,delay in paying off in the past,other,750,... < 100 DM,... >= 7 years,2,female : divorced/separated/married,none,2,car or other,47,none,own,1,skilled employee/official,1,yes,yes,1
no checking account,24,existing credits paid back duly till now,furniture/equipment,2757,... >= 1000 DM,1 <= ... < 4 years,3,male : single,none,1,car or other,29,none,rent,2,unskilled - resident,1,no,yes,1
0 <= ... < 200 DM,48,critical account/other credits existing,radio/television,2043,... < 100 DM,< 1 year,2,male : single,none,2,real estate,44,none,own,2,skilled employee/official,1,no,yes,1
0 <= ... < 200 DM,18,existing credits paid back duly till now,radio/television,4013,unknown/no savings account,... >= 7 years,1,female : divorced/separated/married,none,3,building society savings agreement/life insurance,35,stores,own,1,skilled employee/official,1,no,yes,1
0 <= ... < 200 DM,24,existing credits paid back duly till now,furniture/equipment,2356,unknown/no savings account,< 1 year,1,male : single,none,2,building society savings agreement/life insurance,25,none,own,1,management/self-employed/highly qualified employee/officer,1,yes,yes,1
no checking account,24,existing credits paid back duly till now at this bank,radio/television,5342,... < 100 DM,4 <= ... < 7 years,2,male : single,none,3,car or other,26,bank,own,2,management/self-employed/highly qualified employee/officer,2,no,yes,1
0 <= ... < 200 DM,15,existing credits paid back duly till now,education,603,... < 100 DM,1 <= ... < 4 years,2,male : single,none,2,car or other,19,none,own,3,skilled employee/official,1,yes,yes,1
no checking account,4,existing credits paid back duly till now,radio/television,1664,... < 100 DM,4 <= ... < 7 years,1,female : divorced/separated/married,none,1,unknown/no property,58,none,rent,1,skilled employee/official,1,yes,yes,1
... < 100 DM,36,delay in paying off in the past,car (new),2958,unknown/no savings account,4 <= ... < 7 years,2,male : single,none,2,car or other,45,none,rent,1,unemployed/unskilled - non-resident,1,no,yes,0
no checking account,24,existing credits paid back duly till now at this bank,car (new),3733,... < 100 DM,< 1 year,3,male : single,none,2,unknown/no property,33,none,rent,2,skilled employee/official,1,no,yes,1
